{
	"spell": [
		{
			"name": "Alarm",
			"source": "PHB",
			"data": {
				"target.value": 20,
				"target.units": "ft",
				"target.type": "cube"
			}
		},
		{
			"name": "Antipathy/Sympathy",
			"source": "PHB",
			"data": {
				"target.value": 1,
				"target.type": "creature"
			}
		},
		{
			"name": "Call Lightning",
			"source": "PHB",
			"data": {
				"target.value": 60,
				"target.units": "ft",
				"target.type": "radius"
			}
		},
		{
			"name": "Calm Emotions",
			"source": "PHB",
			"data": {
				"target.value": 20,
				"target.units": "ft",
				"target.type": "sphere"
			}
		},
		{
			"name": "Circle of Death",
			"source": "PHB",
			"data": {
				"target.value": 60,
				"target.units": "ft",
				"target.type": "sphere"
			}
		},
		{
			"name": "Cloudkill",
			"source": "PHB",
			"data": {
				"target.value": 20,
				"target.units": "ft",
				"target.type": "sphere"
			}
		},
		{
			"name": "Confusion",
			"source": "PHB",
			"data": {
				"target.value": 10,
				"target.units": "ft",
				"target.type": "sphere"
			}
		},
		{
			"name": "Conjure Volley",
			"source": "PHB",
			"data": {
				"target.value": 40,
				"target.units": "ft",
				"target.type": "cylinder"
			}
		},
		{
			"name": "Control Water",
			"source": "PHB",
			"data": {
				"target.value": 100,
				"target.units": "ft",
				"target.type": "cube"
			}
		},
		{
			"name": "Creation",
			"source": "PHB",
			"data": {
				"target.value": 5,
				"target.units": "ft",
				"target.type": "cube"
			}
		},
		{
			"name": "Darkness",
			"source": "PHB",
			"data": {
				"target.value": 15,
				"target.units": "ft",
				"target.type": "sphere"
			}
		},
		{
			"name": "Daylight",
			"source": "PHB",
			"data": {
				"target.value": 60,
				"target.units": "ft",
				"target.type": "sphere"
			}
		},
		{
			"name": "Delayed Blast Fireball",
			"source": "PHB",
			"data": {
				"target.value": 20,
				"target.units": "ft",
				"target.type": "sphere"
			}
		},
		{
			"name": "Earthquake",
			"source": "PHB",
			"data": {
				"target.value": 100,
				"target.units": "ft",
				"target.type": "radius"
			}
		},
		{
			"name": "Entangle",
			"source": "PHB",
			"data": {
				"target.value": 20,
				"target.units": "ft",
				"target.type": "square"
			}
		},
		{
			"name": "Evard's Black Tentacles",
			"source": "PHB",
			"data": {
				"target.value": 20,
				"target.units": "ft",
				"target.type": "square"
			}
		},
		{
			"name": "Fabricate",
			"source": "PHB",
			"data": {
				"target.value": 10,
				"target.units": "ft",
				"target.type": "cube"
			}
		},
		{
			"name": "Faerie Fire",
			"source": "PHB",
			"data": {
				"target.value": 20,
				"target.units": "ft",
				"target.type": "cube"
			}
		},
		{
			"name": "Fire Storm",
			"source": "PHB",
			"data": {
				"target.value": 10,
				"target.units": "ft",
				"target.type": "cube"
			}
		},
		{
			"name": "Fireball",
			"source": "PHB",
			"data": {
				"target.value": 20,
				"target.units": "ft",
				"target.type": "sphere"
			}
		},
		{
			"name": "Flame Strike",
			"source": "PHB",
			"data": {
				"target.value": 10,
				"target.units": "ft",
				"target.type": "cylinder"
			}
		},
		{
			"name": "Flaming Sphere",
			"source": "PHB",
			"data": {
				"target.value": 3,
				"target.units": "ft",
				"target.type": "sphere"
			}
		},
		{
			"name": "Fog Cloud",
			"source": "PHB",
			"data": {
				"target.value": 20,
				"target.units": "ft",
				"target.type": "sphere"
			}
		},
		{
			"name": "Grease",
			"source": "PHB",
			"data": {
				"target.value": 10,
				"target.units": "ft",
				"target.type": "square"
			}
		},
		{
			"name": "Hallucinatory Terrain",
			"source": "PHB",
			"data": {
				"target.value": 150,
				"target.units": "ft",
				"target.type": "cube"
			}
		},
		{
			"name": "Hunger of Hadar",
			"source": "PHB",
			"data": {
				"target.value": 20,
				"target.units": "ft",
				"target.type": "sphere"
			}
		},
		{
			"name": "Hypnotic Pattern",
			"source": "PHB",
			"data": {
				"target.value": 30,
				"target.units": "ft",
				"target.type": "cube"
			}
		},
		{
			"name": "Ice Storm",
			"source": "PHB",
			"data": {
				"target.value": 20,
				"target.units": "ft",
				"target.type": "cylinder"
			}
		},
		{
			"name": "Incendiary Cloud",
			"source": "PHB",
			"data": {
				"target.value": 20,
				"target.units": "ft",
				"target.type": "sphere"
			}
		},
		{
			"name": "Insect Plague",
			"source": "PHB",
			"data": {
				"target.value": 20,
				"target.units": "ft",
				"target.type": "sphere"
			}
		},
		{
			"name": "Magic Circle",
			"source": "PHB",
			"data": {
				"target.value": 10,
				"target.units": "ft",
				"target.type": "cylinder"
			}
		},
		{
			"name": "Magic Missile",
			"source": "PHB",
			"data": {
				"damage.parts": [
					[
						"(1d4 + 1) * (2 + @item.level)",
						"force"
					]
				]
			}
		},
		{
			"name": "Major Image",
			"source": "PHB",
			"data": {
				"target.value": 20,
				"target.units": "ft",
				"target.type": "cube"
			}
		},
		{
			"name": "Mass Cure Wounds",
			"source": "PHB",
			"data": {
				"target.value": 30,
				"target.units": "ft",
				"target.type": "sphere"
			}
		},
		{
			"name": "Maximilian's Earthen Grasp",
			"source": "XGE",
			"data": {
				"damage.parts": [
					[
						"2d6",
						"bludgeoning"
					]
				]
			}
		},
		{
			"name": "Meteor Swarm",
			"source": "PHB",
			"data": {
				"target.value": 40,
				"target.units": "ft",
				"target.type": "sphere"
			}
		},
		{
			"name": "Minor Illusion",
			"source": "PHB",
			"data": {
				"target.value": 5,
				"target.units": "ft",
				"target.type": "cube"
			}
		},
		{
			"name": "Moonbeam",
			"source": "PHB",
			"data": {
				"target.value": 5,
				"target.units": "ft",
				"target.type": "cylinder"
			}
		},
		{
			"name": "Move Earth",
			"source": "PHB",
			"data": {
				"target.value": 40,
				"target.units": "ft",
				"target.type": "square"
			}
		},
		{
			"name": "Otiluke's Freezing Sphere",
			"source": "PHB",
			"data": {
				"target.value": 60,
				"target.units": "ft",
				"target.type": "sphere"
			}
		},
		{
			"name": "Phantasmal Force",
			"source": "PHB",
			"data": {
				"target.value": 10,
				"target.units": "ft",
				"target.type": "cube"
			}
		},
		{
			"name": "Plant Growth",
			"source": "PHB",
			"data": {
				"target.value": 100,
				"target.units": "ft",
				"target.type": "radius"
			}
		},
		{
			"name": "Programmed Illusion",
			"source": "PHB",
			"data": {
				"target.value": 30,
				"target.units": "ft",
				"target.type": "cube"
			}
		},
		{
			"name": "Purify Food and Drink",
			"source": "PHB",
			"data": {
				"target.value": 5,
				"target.units": "ft",
				"target.type": "sphere"
			}
		},
		{
			"name": "Reverse Gravity",
			"source": "PHB",
			"data": {
				"target.value": 50,
				"target.units": "ft",
				"target.type": "cylinder"
			}
		},
		{
			"name": "Shatter",
			"source": "PHB",
			"data": {
				"target.value": 10,
				"target.units": "ft",
				"target.type": "sphere"
			}
		},
		{
			"name": "Silence",
			"source": "PHB",
			"data": {
				"target.value": 20,
				"target.units": "ft",
				"target.type": "sphere"
			}
		},
		{
			"name": "Silent Image",
			"source": "PHB",
			"data": {
				"target.value": 15,
				"target.units": "ft",
				"target.type": "cube"
			}
		},
		{
			"name": "Sleet Storm",
			"source": "PHB",
			"data": {
				"target.value": 40,
				"target.units": "ft",
				"target.type": "cylinder"
			}
		},
		{
			"name": "Slow",
			"source": "PHB",
			"data": {
				"target.value": 40,
				"target.units": "ft",
				"target.type": "cube"
			}
		},
		{
			"name": "Spike Growth",
			"source": "PHB",
			"data": {
				"target.value": 20,
				"target.units": "ft",
				"target.type": "radius"
			}
		},
		{
			"name": "Stinking Cloud",
			"source": "PHB",
			"data": {
				"target.value": 20,
				"target.units": "ft",
				"target.type": "sphere"
			}
		},
		{
			"name": "Sunburst",
			"source": "PHB",
			"data": {
				"target.value": 60,
				"target.units": "ft",
				"target.type": "radius"
			}
		},
		{
			"name": "Teleport",
			"source": "PHB",
			"data": {
				"target.value": 9,
				"target.type": "creatures"
			}
		},
		{
			"name": "Teleportation Circle",
			"source": "PHB",
			"data": {
				"target.value": 5,
				"target.units": "ft",
				"target.type": "radius"
			}
		},
		{
			"name": "Wall of Force",
			"source": "PHB",
			"data": {
				"target.value": 100,
				"target.units": "ft",
				"target.type": "wall"
			}
		},
		{
			"name": "Wall of Ice",
			"source": "PHB",
			"data": {
				"target.value": 100,
				"target.units": "ft",
				"target.type": "wall"
			}
		},
		{
			"name": "Wall of Stone",
			"source": "PHB",
			"data": {
				"target.value": 100,
				"target.units": "ft",
				"target.type": "wall"
			}
		},
		{
			"name": "Wall of Thorns",
			"source": "PHB",
			"data": {
				"target.value": 60,
				"target.units": "ft",
				"target.type": "wall"
			}
		},
		{
			"name": "Web",
			"source": "PHB",
			"data": {
				"target.value": 20,
				"target.units": "ft",
				"target.type": "cube"
			}
		},
		{
			"name": "Weird",
			"source": "PHB",
			"data": {
				"target.value": 30,
				"target.units": "ft",
				"target.type": "sphere"
			}
		},
		{
			"name": "Zone of Truth",
			"source": "PHB",
			"data": {
				"target.value": 15,
				"target.units": "ft",
				"target.type": "sphere"
			}
		},
		{
			"name": "Haywire (UA)",
			"source": "UAModernMagic",
			"data": {
				"target.value": 10,
				"target.units": "ft",
				"target.type": "sphere"
			}
		},
		{
			"name": "Abi-Dalzim's Horrid Wilting",
			"source": "XGE",
			"data": {
				"target.value": 30,
				"target.units": "ft",
				"target.type": "cube"
			}
		},
		{
			"name": "Bones of the Earth",
			"source": "XGE",
			"data": {
				"target.value": 3,
				"target.units": "ft",
				"target.type": "radius"
			}
		},
		{
			"name": "Control Flames",
			"source": "XGE",
			"data": {
				"target.value": 5,
				"target.units": "ft",
				"target.type": "cube"
			}
		},
		{
			"name": "Control Winds",
			"source": "XGE",
			"data": {
				"target.value": 100,
				"target.units": "ft",
				"target.type": "cube"
			}
		},
		{
			"name": "Create Bonfire",
			"source": "XGE",
			"data": {
				"target.value": 5,
				"target.units": "ft",
				"target.type": "cube"
			}
		},
		{
			"name": "Dawn",
			"source": "XGE",
			"data": {
				"target.value": 30,
				"target.units": "ft",
				"target.type": "cylinder"
			}
		},
		{
			"name": "Dust Devil",
			"source": "XGE",
			"data": {
				"target.value": 5,
				"target.units": "ft",
				"target.type": "cube"
			}
		},
		{
			"name": "Erupting Earth",
			"source": "XGE",
			"data": {
				"target.value": 20,
				"target.units": "ft",
				"target.type": "cube"
			}
		},
		{
			"name": "Healing Spirit",
			"source": "XGE",
			"data": {
				"target.value": 5,
				"target.units": "ft",
				"target.type": "cube"
			}
		},
		{
			"name": "Illusory Dragon",
			"source": "XGE",
			"data": {
				"target.value": 60,
				"target.units": "ft",
				"target.type": "cone"
			}
		},
		{
			"name": "Immolation",
			"source": "XGE",
			"data": {
				"target.value": 30,
				"target.units": "ft",
				"target.type": "radius"
			}
		},
		{
			"name": "Maddening Darkness",
			"source": "XGE",
			"data": {
				"target.value": 60,
				"target.units": "ft",
				"target.type": "sphere"
			}
		},
		{
			"name": "Mold Earth",
			"source": "XGE",
			"data": {
				"target.value": 5,
				"target.units": "ft",
				"target.type": "cube"
			}
		},
		{
			"name": "Pyrotechnics",
			"source": "XGE",
			"data": {
				"target.value": 5,
				"target.units": "ft",
				"target.type": "cube"
			}
		},
		{
			"name": "Shape Water",
			"source": "XGE",
			"data": {
				"target.value": 5,
				"target.units": "ft",
				"target.type": "cube"
			}
		},
		{
			"name": "Sickening Radiance",
			"source": "XGE",
			"data": {
				"target.value": 30,
				"target.units": "ft",
				"target.type": "sphere"
			}
		},
		{
			"name": "Snilloc's Snowball Swarm",
			"source": "XGE",
			"data": {
				"target.value": 5,
				"target.units": "ft",
				"target.type": "sphere"
			}
		},
		{
			"name": "Storm Sphere",
			"source": "XGE",
			"data": {
				"target.value": 20,
				"target.units": "ft",
				"target.type": "sphere"
			}
		},
		{
			"name": "Synaptic Static",
			"source": "XGE",
			"data": {
				"target.value": 20,
				"target.units": "ft",
				"target.type": "sphere"
			}
		},
		{
			"name": "Transmute Rock",
			"source": "XGE",
			"data": {
				"target.value": 40,
				"target.units": "ft",
				"target.type": "cube"
			}
		},
		{
			"name": "Vitriolic Sphere",
			"source": "XGE",
			"data": {
				"target.value": 20,
				"target.units": "ft",
				"target.type": "sphere"
			}
		},
		{
			"name": "Watery Sphere",
			"source": "XGE",
			"data": {
				"target.value": 5,
				"target.units": "ft",
				"target.type": "radius"
			}
		},
		{
			"name": "Whirlwind",
			"source": "XGE",
			"data": {
				"target.value": 10,
				"target.units": "ft",
				"target.type": "cylinder"
			}
		},
		{
			"name": "Wrath of Nature",
			"source": "XGE",
			"data": {
				"target.value": 60,
				"target.units": "ft",
				"target.type": "cube"
			}
		},
		{
			"name": "Maelstrom",
			"source": "XGE",
			"data": {
				"target.value": 30,
				"target.units": "ft",
				"target.type": "radius"
			}
		},
		{
			"name": "Blade Barrier",
			"source": "PHB",
			"data": {
				"target.value": 100,
				"target.units": "ft",
				"target.type": "wall"
			}
		},
		{
			"name": "Mordenkainen's Private Sanctum",
			"source": "PHB",
			"data": {
				"target.value": 100,
				"target.units": "ft",
				"target.type": "cube"
			}
		},
		{
			"name": "Prismatic Wall",
			"source": "PHB",
			"data": {
				"target.value": 90,
				"target.units": "ft",
				"target.type": "wall"
			}
		},
		{
			"name": "Sleep",
			"source": "PHB",
			"data": {
				"target.value": 20,
				"target.units": "ft",
				"target.type": "sphere"
			}
		},
		{
			"name": "Wall of Fire",
			"source": "PHB",
			"data": {
				"target.value": 60,
				"target.units": "ft",
				"target.type": "wall"
			}
		},
		{
			"name": "Wind Wall",
			"source": "PHB",
			"data": {
				"target.value": 50,
				"target.units": "ft",
				"target.type": "wall"
			}
		},
		{
			"name": "Arcane Gate",
			"source": "PHB",
			"data": {
				"target.value": 10,
				"target.units": "ft",
				"target.type": "wall"
			}
		},
		{
			"name": "Cloud of Daggers",
			"source": "PHB",
			"data": {
				"target.value": 5,
				"target.units": "ft",
				"target.type": "cube"
			}
		},
		{
			"name": "Cordon of Arrows",
			"source": "PHB",
			"data": {
				"target.value": 30,
				"target.units": "ft",
				"target.type": "sphere"
			}
		},
		{
			"name": "Forcecage",
			"source": "PHB",
			"data": {
				"target.value": 20,
				"target.units": "ft",
				"target.type": "cube"
			}
		},
		{
			"name": "Gate",
			"source": "PHB",
			"data": {
				"target.value": 20,
				"target.units": "ft",
				"target.type": "wall"
			}
		},
		{
			"name": "Temple of the Gods",
			"source": "XGE",
			"data": {
				"target.value": 120,
				"target.units": "ft",
				"target.type": "cube"
			}
		},
		{
			"name": "Thunder Step",
			"source": "XGE",
			"data": {
				"target.value": 10,
				"target.units": "ft",
				"target.type": "sphere"
			}
		},
		{
			"name": "Thunderclap",
			"source": "XGE",
			"data": {
				"target.value": 15,
				"target.units": "ft",
				"target.type": "cube"
			}
		},
		{
			"name": "Tidal Wave",
			"source": "XGE",
			"data": {
				"target.value": 30,
				"target.units": "ft",
				"target.type": "wall"
			}
		},
		{
			"name": "Wall of Light",
			"source": "XGE",
			"data": {
				"target.value": 60,
				"target.units": "ft",
				"target.type": "wall"
			}
		},
		{
			"name": "Wall of Sand",
			"source": "XGE",
			"data": {
				"target.value": 30,
				"target.units": "ft",
				"target.type": "wall"
			}
		},
		{
			"name": "Wall of Water",
			"source": "XGE",
			"data": {
				"target.value": 30,
				"target.units": "ft",
				"target.type": "wall"
			}
		},
		{
			"name": "Sapping Sting",
			"source": "EGW",
			"data": {
				"target.value": 1,
				"target.type": "creature"
			}
		},
		{
			"name": "Thorn Whip",
			"source": "PHB",
			"data": {
				"target.value": 1,
				"target.type": "creature"
			}
		},
		{
			"name": "Booming Blade",
			"source": "SCAG",
			"data": {
				"target.value": 1,
				"target.type": "creature"
			}
		},
		{
			"name": "Green-Flame Blade",
			"source": "SCAG",
			"data": {
				"target.value": 1,
				"target.type": "creature"
			}
		},
		{
			"name": "Lightning Lure",
			"source": "SCAG",
			"data": {
				"target.value": 1,
				"target.type": "creature"
			}
		},
		{
			"name": "Sword Burst",
			"source": "SCAG",
			"data": {
				"target.value": 5,
				"target.units": "ft",
				"target.type": "sphere"
			}
		},
		{
			"name": "Word of Radiance",
			"source": "XGE",
			"data": {
				"target.value": 5,
				"target.units": "ft",
				"target.type": "sphere"
			}
		},
		{
			"name": "Mind Sliver",
			"source": "TCE",
			"data": {
				"target.value": 1,
				"target.type": "creature"
			}
		},
		{
			"name": "Frostbite",
			"source": "XGE",
			"data": {
				"target.value": 1,
				"target.type": "creature"
			}
		},
		{
			"name": "Gust",
			"source": "XGE",
			"data": {
				"target.value": 1,
				"target.type": "creature"
			}
		},
		{
			"name": "Infestation",
			"source": "XGE",
			"data": {
				"target.value": 1,
				"target.type": "creature"
			}
		},
		{
			"name": "Toll the Dead",
			"source": "XGE",
			"data": {
				"target.value": 1,
				"target.type": "creature"
			}
		}
	]
}
