{
	"AI": "fluff-bestiary-ai.json",
	"BGDIA": "fluff-bestiary-bgdia.json",
	"DC": "fluff-bestiary-dc.json",
	"DIP": "fluff-bestiary-dip.json",
	"DMG": "fluff-bestiary-dmg.json",
	"EGW": "fluff-bestiary-egw.json",
	"ERLW": "fluff-bestiary-erlw.json",
	"GGR": "fluff-bestiary-ggr.json",
	"GoS": "fluff-bestiary-gos.json",
	"IDRotF": "fluff-bestiary-idrotf.json",
	"IMR": "fluff-bestiary-imr.json",
	"MFF": "fluff-bestiary-mff.json",
	"MM": "fluff-bestiary-mm.json",
	"MOT": "fluff-bestiary-mot.json",
	"MTF": "fluff-bestiary-mtf.json",
	"VGM": "fluff-bestiary-vgm.json",
	"TCE": "fluff-bestiary-tce.json",
	"TTP": "fluff-bestiary-ttp.json",
	"CoS": "fluff-bestiary-cos.json",
	"HftT": "fluff-bestiary-hftt.json",
	"HotDQ": "fluff-bestiary-hotdq.json",
	"LMoP": "fluff-bestiary-lmop.json",
	"OotA": "fluff-bestiary-oota.json",
	"OoW": "fluff-bestiary-oow.json",
	"PotA": "fluff-bestiary-pota.json",
	"RMBRE": "fluff-bestiary-rmbre.json",
	"RoT": "fluff-bestiary-rot.json",
	"SADS": "fluff-bestiary-sads.json",
	"SDW": "fluff-bestiary-sdw.json",
	"SKT": "fluff-bestiary-skt.json",
	"TftYP": "fluff-bestiary-tftyp.json",
	"ToA": "fluff-bestiary-toa.json",
	"WDH": "fluff-bestiary-wdh.json",
	"WDMM": "fluff-bestiary-wdmm.json"
}
