[
	{
		"ver": "0.0.2",
		"title": "Initial Release",
		"date": "2019-08-03",
		"txt": "- Initial release\n- Ability to import homebrew creatures, spells, feats, and items to the actor/item collections\n- Ability to import spells/items/backgrounds/races/feats/classes/subclasses to character sheets\n- Actor item cleaner\n- Minor UI tweaks, including \"x\" button on notifications"
	},
	{
		"ver": "0.0.2a",
		"title": "Slightly Higher-Grade Plutonium",
		"date": "2019-08-06",
		"txt": "- Added workaround for Plutonium sometimes loading after Foundry had already fully initialized, thus causing Plutonium to miss the part where it's supposed to hook into the UI.\n- The \"Import\" button is now kept fixed at the bottom of import list windows.\n- Added importer support for Better NPC 5e sheets.\n- Added support for Node.js versions as old as version 10 (current is 12), as 10 is the minimum Foundry requires.\n- Enabled importing class levels even if there are no features present at that level.\n- Added weapon bonuses to weapon damage (previously only applied to to-hit)."
	},
	{
		"ver": "0.0.2b",
		"title": "That Awkward Moment When You Both Try to Go Through the Door at the Same Time",
		"date": "2019-08-07",
		"txt": "- Fixed concurrency issues when mass-creating entities"
	},
	{
		"ver": "0.0.2c",
		"title": "No Face, No Case",
		"date": "2019-08-16",
		"txt": "- Added config editor, with \"streamer mode\" option"
	},
	{
		"ver": "0.0.2d",
		"title": "Foundry v0.3.5 Compatibility",
		"date": "2019-08-22",
		"txt": "- Compatibility update for Foundry 0.3.5"
	},
	{
		"ver": "0.0.3",
		"title": "Compendium Change Concepts Confuse Concerned Citizens",
		"date": "2019-09-01",
		"txt": "- Added built-in compendiums\n- Added Variant & Optional Rule importer"
	},
	{
		"ver": "0.0.3a",
		"title": "Prune > Dates",
		"date": "2019-09-08",
		"txt": "- A folder picker UI in the importer, including a (limited) range of \"dynamic\" options, i.e. if you select \"Challenge Rating\" in the creature importer, it'll put each creature in a folder according to their CR. Something similar existed in <removed>, although it was nowhere near as customizable--this iteration allows full control. Sadly, Foundry only supports three levels of folder nesting at time of writing, but the developer (Atropos) aims to expand this to at least five.\n- A \"Prune Folders\" option and button in the Directory Cleaner, which can be enabled or run independently to have the cleaner also remove any empty folders it finds.\n- A tweak to the included compendiums to add the (abbreviated) source to the name of each item.\n- And a few other minor QoL improvements and layout fixes."
	},
	{
		"ver": "0.0.3b",
		"title": "More Than 99 Problems",
		"date": "2019-09-14",
		"txt": "- A minor compatibility update for Foundry v0.3.(6/7) (with regards to the directory panel layout changes)\n- Creature scaling on import\n- A fix for creatures disappearing from the combat tracker when they were marked as hidden"
	},
	{
		"ver": "0.0.3c",
		"title": "Your Wires Are Showing",
		"date": "2019-09-16",
		"txt": "- A fix for AC sources being a mess of HTML on non-default sheets\n- A fix for all the strange numbers appearing down the right-hand-side of import lists\n- A fix for the CR Scaler dialogue being a funny size sometimes"
	},
	{
		"ver": "0.0.3d",
		"title": "A Coat of Red Paint",
		"date": "2019-09-22",
		"txt": "- Fresh compendium dumps, with Descent Into Avernus content.\n- Updated Bestiary files, again to add Descent Into Avernus content.\n- A fix for imported creatures always using Strength as their ability score modifier for all their attack rolls. As Foundry doesn't allow the specification of exact to-hit modifiers on NPC attacks, I had completely overlooked this--since 5e statblocks never specify the ability the creature is using for each attack, I'm doing some guesswork behind the scenes to figure it out. It should be accurate in the vast majority of cases, although there appears to be a Foundry bug where creatures can never have their attack proficiency disabled when creating them via the API, so e.g. Ghast's bite is busted."
	},
	{
		"ver": "0.0.3e",
		"title": "Eat Sleep Code Repeat",
		"date": "2019-10-29",
		"txt": "- The \"import\" button should now be available on any sheet, rather than those I manually specify\n- The import list \"select all\" checkbox now only selects/deselects visible rows\n- An update to background importing to support multiple features (needed for DIA backgrounds)\n- A fix for repeated requests not properly caching data (so opening the same importer repeatedly in the same session should now be quicker)"
	},
	{
		"ver": "0.0.3f",
		"date": "2019-10-29",
		"txt": "- Added workaround for a Foundry bug where full art would be used as tokens\n- Fixed a bug where items would fail to import\n- Fixed some minor layout bugs"
	},
	{
		"ver": "0.0.4",
		"date": "2019-11-16",
		"txt": "- Compatibility update for Foundry v0.4.x+. Not that this update is not backwards compatible with 0.3.x.\n- Added rollable table importer\n- Added option to import classes/subclasses to journal"
	},
	{
		"ver": "0.0.4a",
		"date": "2019-11-29",
		"txt": "- Added \"Spell Prepared Toggler\" tool to actors, accessible via a new \"Tools\" link in the actor window bar. This \"Tools\" link replaces the old \"Cleaner\" link, which is now instead accessed from this Tools sub-dialogue.\n- Fixed Silver Dragons failing to import due to a bug in rendering their lair actions\nv0.0.4b:\n- Fixed failing to load custom homebrew URLs"
	},
	{
		"ver": "0.5.0",
		"date": "2019-12-08",
		"txt": "- (Made version number more sensible)\n- (Added support for Rivet)\n- Journal/etc. cleaner tool can now delete rollable tables\n- Races can now be imported as items\n- Non-rollable tables can now be imported as rollable tables\n- Custom importer folder paths are now saved to game settings (and will be used when receiving data from Rivet)\n- A blank token is now used for creatures missing a token on import\n- Fixed creature (and therefore token) sizing on import\n- Improved script initialisation to remove a benign error (thanks Red Reign)"
	},
	{
		"ver": "0.6.0",
		"date": "2020-01-02",
		"txt": "- Added Psionics importer, which creates spells\n- Class importer now imports saving throw/skill/weapon/armor/tool proficiencies\n- Added notifications when importing through Rivet\n- Fixed versatile weapons being imported with two damage +@mods\n- Token actors are now re-rendered on importing to their sheets, ensuring the imported items are shown\n- Fixed Necromancy spells failing to set their school\n- Class importer now skips Proficiency Versatility features"
	},
	{
		"ver": "0.7.0",
		"date": "2020-01-11",
		"txt": "- Compatibility update for Foundry v0.4.4+. Note that this update is not backwards compatible with 0.4.3.\n- Added a tool to bulk-move collection items to folders\n- Added config options for imported tokens, allowing e.g. bar attributes; name display modes to be customized\n- Spell/Item/Creature importers now try to use art from the SRD compendiums where none is available in 5etools\n- Added red coloration to \"Delete\"/\"Delete All\" collection rightclick\n- Shrunk collection UI buttons (now one row as opposed to two)"
	},
	{
		"ver": "0.7.1",
		"date": "2020-01-11",
		"txt": "- Fixed links to spells in e.g. creature Spellcasting traits failing to cast the appropriate spell\n- Added configuration options to choose compendiums from which the importers will attempt to source images\n- Fixed bug which prevented Background importer from displaying when importing to journal"
	},
	{
		"ver": "0.7.2",
		"date": "2020-01-20",
		"txt": "- Fixed item damage rolls failing to populate (note: compendiums not updated)\n- Fixed config dropdowns failing to display their current value"
	},
	{
		"ver": "0.8.0",
		"date": "2020-02-25",
		"txt": "- Importer:\n  - Ported 5etools filters for use in lists\n  - Added SHIFT-click to lists for multi-selection\n  - Homebrew files may now be uploaded directly (see the option in the source dropdown)\n  - Added spell targeting data for all AoE spells for use with the new template system (and the ability to specify homebrew spell targeting data)\n  - Fixed \"1 <X> damage\" (e.g. the \"Bite\" attack of a rat) being added as features instead of attacks\n  - Fixed failing to remember which importer was last used\n  - Fixed non-existent importers being selected when opening actor importer after collection importer\n  - Overhauled UI\n\n- Config:\n  - Added initial actor/item permission options for all importers\n  - Added \"fast animation\" token config option, which toggles Foundry's slow-sliding token animations\n  - Added \"import spells as prepared\" toggle\n  - Added option to disable 5etools link rendering in imported content\n  - Overhauled UI\n\n- Tools:\n  - Added SHIFT-click to lists for multi-selection (e.g. in collection cleaner)\n  - Overhauled UIs"
	},
	{
		"ver": "0.9.0",
		"date": "2020-02-29",
		"txt": "- Added config option to compact Plutonium window header buttons into a single dropdown button\n- Added support for homebrew subraces to race importer\n- Spell importer will now attempt to populate healing dice on healing spells\n- Added config option to convert spell ranges to metric (where possible)\n- Added filters to class importer (which apply to imported content, i.e. disabling the \"Class Feature Variant\" source will prevent any of its content from being imported)\n- Added tool proficiency import step to background importer\n- When using the item importer to import a pack to an actor, the pack is now split into, and imported as, its constituent items\n- Added support for hit dice to class importer\n- Added optional/variant feature importer\n- Added config-enable-able \"popout\" button for sheets, which pops them out into a separate window (warning: probably broken)\n- Added \"Compact Scenes\" config  option, which works similarly to the existing \"Compact Journal\" option\n- Fixed importing the same class multiple times (i.e. importing higher levels of the same class to level up) failing to re-use the existing class features item\n- Fixed creature importer failing to import non-attack actions as actions\n- Fixed Plutonium window header buttons failing to hide on window minimize\n- Fixed non-Foundry-standard condition immunities being rendered as HTML\n- Fixed class importer failing to set spell slots\n- Fixed some tables breaking the table importer\n- Fixed case where importer item thumbnail images would fail to render"
	},
	{
		"ver": "0.9.1",
		"date": "2020-03-08",
		"txt": "- Compatibility update for Foundry 0.5.x\n- Added multiclass support to class importer (if you have already imported a different class, the importer will now ask if you wish to multiclass/use as base class/ignore the new class)\n- Improved class importer handling of spellcasting slots in the presence of multiple classes (provided all classes were imported with Plutonium version 0.9.1+)"
	},
	{
		"ver": "0.9.2",
		"date": "2020-03-14",
		"txt": "- When importing a choice of skills/tools to a character, current skill/tool proficiencies are now shown in the \"choose\" menu\n- Added config option to convert item weights to metric\n- Fixed homebrew creature tokens failing to import in some cases\n- Fixed importer failing to remember which source was previously selected upon re-opening\n- Fixed drag-to-reorder being broken in import path editor"
	},
	{
		"ver": "0.10.0",
		"date": "2020-03-28",
		"txt": "- Importers can now import directly to compendiums\n- Rivet can now be used to import directly to an actor [Rivet is working again as of 5etools v1.102.1, which is now rolling out]\n  - The target actor can be chosen by right-clicking the actor in the directory, or from the new \"Rivet\" section of config\n- Added \"Source (Abbreviation)\" as an option to import folder path editor\n- (Fixed junk console warning complaining about \"source map\")"
	},
	{
		"ver": "0.11.0",
		"date": "2020-04-01",
		"txt": "- Added warning prompt when attempting to import a single high level of a class without importing the lower levels, to a sheet without an existing class\n- Added warning prompt when attempting to import a subclass (and no class) to a sheet without an existing class\n- Exploded class features on import, breaking down e.g. Fighting Style into all its constituent flavours\n- Added config option to \"fix\" Foundry's funny ESC key bindings:\n  - Foundry default: dismiss context menu -> close all UI windows -> de-select tokens/etc (GM only) -> toggle main menu\n  - the Giddy Special: un-focus current input -> dismiss context menu -> de-select tokens/etc (all users) -> close most recently used UI window -> toggle main menu\n- Added config option to add image thumbnails to the file browser (warning: slow)\n- Added config option to (attempt to) remove all animations from the UI (warning: fast)\n- Importer now avoids attempting to import to locked compendiums\n- Fixed various importers failing to import to compendiums\n- Fixed Race actor importer filters\n- Fixed spell \"at higher level\" choice popups failing to roll dice\n- Fixed backslashes/quotes breaking the \"rename\" functionality of the creature importer"
	},
	{
		"ver": "0.11.1",
		"date": "2020-04-01",
		"txt": "- Added \"Open Main Menu\" button to settings tab when ESC key fix is enabled\n- Added \"reset tab\" buttons to config editor\n- Imported classes and class features will now attempt to source art from the SRD compendiums"
	},
	{
		"ver": "0.12.0",
		"date": "2020-04-04",
		"txt": "- Added Bulk Permission Editor tool\n- Added folder paths and filtering to Directory Cleaner tool and Bulk Directory Mover tool\n- Added Condition/Disease importer\n- Import list windows are now full-height by default (fixing an issue where the list could have a scrollbar with very few items)"
	},
	{
		"ver": "0.12.1",
		"date": "2020-04-06",
		"txt": "- Overhauled config system to add player layer. This allows each player to change a limited subset of config settings (the editor can be accessed in the Settings tab), including, importantly, the Rivet import target actor\n- Added workaround for Bulk Permission Editor wiping pre-existing permissions (I _think_ this is a Foundry bug)\n- Added workaround for compendiums being inaccessible in some rare cases (another Foundry bug? Happened in my own game; no errors; couldn't repro it elsewhere)"
	},
	{
		"ver": "0.13.0",
		"date": "2020-04-18",
		"txt": "- (Compatibility update for 0.5.5)\n- Added Art Browser integration, accessible via the \"palette\" button in the scene controls menu. Features include:\n  - Drag-dropping tiles to the canvas, with configurable scaling\n  - Drag-dropping tokens to the canvas\n  - The ability to download entire image packs locally, provided the server-side mod is installed (more on this below)\n- Added server-side mod. Installation instructions can be found in the README. This enables things previously locked out by pesky browser security features, such as downloading images from websites that really don't want you downloading their images (lol). **This is entirely optional, and Plutonium will never _require_ you to mod the Foundry server.** It will, however, enable some additional bells and whistles, like the aforementioned mass image downloader.\n- Overhauled module internals/build system. This (hopefully) should not produce a visible difference in functionality, but should fix previous performance penalties incurred by running Plutonium on e.g. large maps with heavy use of dynamic lighting (thanks @ Felix for bringing this to my attention and providing sample data)\n- Fixed config \"reset tab\" button failing to take effect unless the settings were manually changed afterwards\n- Relaxed \"fast animations\" timing to hopefully prevent various timing-related bugs"
	},
	{
		"ver": "0.14.0",
		"title": "The drugs _do_ work",
		"date": "2020-04-19",
		"txt": "- Added (albeit highly shitty) Adventure/Book importer, similar to the \"legacy\" importer available in betteR20\n  - Currently doesn't split the text into millions of journal entries; let me know if the \"one chapter per entry\" approach is better or worse.\n  - Currently doesn't have the \"next journal entry/previous journal entry\" buttons at the top/bottom of each handout; will add these after receiving some feedback on the above.\n- Added \"Scene creation\" as an option for Art Browser drag-drop\n- Added Art Browser token sizing config options\n- Added config options for Art Browser button placement; it can be made visible under any/all of: the token, tiles, or main scene menus\n- Added (intentionally highly objectionable) display showing when the server-side mod is detected as active\n- Fixed broken \"View\" link in the Art Browser\n- Fixed Art Browser always attempting to leverage the server-side mod, instead of just where available\n- (Server) Fixed images failing to upload to an empty assets path"
	},
	{
		"ver": "0.14.1",
		"date": "2020-04-19",
		"txt": "- Fixed \"prepared spell\" casters failing to import their spell lists during class import\n- Added filters to Actor Feature/Spell Cleaner"
	},
	{
		"ver": "0.15.0",
		"title": "Delicious Dogfood",
		"date": "2020-04-27",
		"txt": "- Added \"Bulk Prototype Token Editor\" tool to Actors journal tools, with a handful of options for handling the most common repetitive token-updating tasks (as per my personal experience; ymmv/suggestions appreciated)\n- Creature importer:\n  - Weapons wielded by creatures now have additional data pulled in, adding e.g. weight, price, weapon properties, and art (where available)\n  - Creatures wearing armor now have this armor added to their inventory\n  - Added config option to scale the weight/price of items wielded by larger creatures, based on either the \"Barding\" rules in the PHB, or on an item from SKT (\"Gurt's Greataxe\"), these being the only two examples I know of \"official\" rulings on the matter. Open to suggestions/pointers in the direction of more data.\n  - Actions with names including \"X/Day\" (etc.) now correctly import this information to their sheet\n  - Added (heuristic) parsing of action activation conditions\n  - Added (heuristic) parsing of bonus action traits\n  - Fixed some damage rolls/types not being added to imported actions\n- Spell importer:\n  - Fixed dice formulas in \"At Higher Levels\" text\n  - Fixed some damage rolls/types not being added to imported spell\n- Added rudimentary filtering to the actor Prepared Spell Mass-Toggler tool\n- Added sortable \"Level\" column to the actor Prepared Spell Mass-Toggler tool\n- Added config option to toggle \"backend detected\" display (the green logo variant); logo change also now disabled when in Streamer Mode\n- Added config option to append page information to imported \"Source\" text, e.g. \"PHB\" -> \"PHB, p.123\"\n- Fixed some \"Choose Skills/Tools\" dialogues crashing the Backgrounds importer\n- Fixed \"table groups\" failing to import via rivet, and made them available in the Table importer\n- Fixed per-source Creature/Spell importers including entities from outside their source\n- Fixed double-scrollbar layout bug in modified file picker\n- (Developer) All patched methods now expose their originals as `_plutoniumCache_<originalMethodName>`"
	},
	{
		"ver": "0.16.0",
		"title": "Interfacial",
		"date": "2020-05-03",
		"txt": "- Importer:\n  - Overhauled importer UI\n    - Importers may now quickly be selected from a panel, rather than a dropdown\n    - Added search and (rudimentary) filtering for sources, and a list display\n    - Combined the \"folder\" and \"compendium\" import options into one always-visible area\n    - Added option to keep the importer list open, allowing e.g. filling out a character's spells then items without re-opening each time\n  - Re-opening the same importer list twice in a row should now be much faster\n  - Added colors to importer \"Source\" columns\n  - Added config option to set spell \"Preparation Mode\" when importing\n  - Added link to the current archive of converted Roll20 modules (the button next to the Adventure importer)\n  - Spell importer now loads targeting information from the SRD where available (as 5etools doesn't have a good representation of much of this data yet)\n  - An importer targeting an actor will now auto-close if the actor is deleted\n  - Spellcasting progression, skill choice number, and skill choices are now set on class sheet items when importing classes\n  - \"Always prepared\" spells are now imported as \"always prepared\" when importing classes\n  - Fixed Race importer failing to set \"Powerful Build\" flag; added \"Halfling Lucky\" and \"Savage Attacks\" flag support\n  - Feat importer now sets \"Alert,\" \"Elven Accuracy,\" and \"Observant\" flags when importing the appropriate feats\n  - Classes importer now sets \"Jack of All Trades\" and \"Remarkable Athlete\" flags when importing the appropriate sub/class levels\n\n  - Improved Creature importer\n    - Creature spells are now imported as innate/pact as appropriate\n    - Lair actions now import with their DCs/damages when available\n    - Fixed case where a creature could lose proficiency in its weapons (notably affecting Hobgoblin Warlord)\n    - Fixed case where a creature with no CR (notably ERLW's artificer pets) would fail to import their damage rolls\n    - Fixed case where a creature with only one total Foundry item on its sheet (e.g. one action, no traits) would crash the importer\n\n\n- Added \"Polymorpher\" tool in actor tools. Allows you to use the Plutonium importing UI to load and polymorph/wild shape directly into the loaded creature\n- Moved \"compact Plutonium header buttons\" option to general UI, and re-worked it to generally overhaul of Foundry's button header styling\n- Bulk token editor can now set bars to \"None\" (i.e. empty)\n- Split \"Compact Journal\" config options into one option for each directory\n- Moved \"hacky\" config settings into a new \"Experimental\" section. You are no longer allowed to complain when these intentionally don't work.\n- Added experimental config option to override source data/image URL\n- Improved layout of Bulk Permissions Editor, ensuring the \"creature name\" column is always visible when scrolling horizontally\n- Fixed some config dropdowns failing to display their current value\n- (Homebrew) Fixed crashes on missing race size/speed"
	},
	{
		"ver": "0.16.1",
		"date": "2020-05-05",
		"txt": "- Added workaround for incompatibility with Forge assets manager module\n- Item importer now imports containers as containers\n- Item importer now imports some items (those with bonuses to AC; those matching common equipment names like \"belt of...\") as \"equipment\" rather than \"loot\""
	},
	{
		"ver": "0.16.2",
		"date": "2020-05-06",
		"txt": "- Added earlier permissions check for players attempting to polymorph, immediately denying it with a helpful explanation\n- Added automatic player whisper to GM when attempting to revert a polymorphed actor, with a button prompt allowing the GM to one-click delete the orphaned transformed actor\n- Fixed subclasses failing to import in some cases\n- Fixed case where selected items could remain selected when re-opening an importer"
	},
	{
		"ver": "0.16.3",
		"date": "2020-05-06",
		"txt": "- Added further workaround for incompatibility with Forge assets manager module"
	},
	{
		"ver": "0.16.4",
		"date": "2020-05-07",
		"txt": "- Added \"All Players\" column to bulk permissions updater\n- Fixed Class importer failing to load highest chosen level in some cases\n- Fixed regression preventing file picker previews from loading"
	},
	{
		"ver": "0.17.0",
		"title": "Digital Crack",
		"date": "2020-05-17",
		"txt": "- (Compatibility update for 0.5.7)\n- Art Browser now opens in \"token\" mode if opened from the \"Basic Controls\" sidebar, and \"tiles\" mode if opened from the \"Tile Controls\" sidebar\n- Added mode-cycling button to the Art Browser, allowing token/tile/scene mode to quickly be switched between\n- Art Browser now remembers \"bad\" hosts per-session, and will avoid querying them for art (instead immediately using the modded backend/fallback) when drag-dropping\n- Added config option to dynamically name the browser tab after the scene, and add an optional suffix (rather than the usual \"Foundry Virtual Tabletop • A Standalone Virtual Tabletop Application\")\n- Wondrous items and poisons are now imported to a \"Wondrous\"/\"Poison\" folder if folderizing by item type, and no other type info is available\n- Adventure/Book importers now pull rollable tables directly from the text, rather than only those linked from the text\n- Added annoying \"disclaimer\" whisper message, requiring acknowledgement to prevent it from repeatedly appearing (acknowledgement currently saved per-server, will likely change to per-client eventually)\n- Removed prominent \"5etools\" labels\n- Fixed trusted players being able to see main importer/etc buttons\n- Fixed file browser crashes on names containing \"%\"\n- Fixed sheet items (usually, actions of imported creatures) failing to persist in rare cases, and thus disappearing on reload\n- Fixed crash on closing importer UI when parts of it had not completed loading\n- Added backend version number to modded backend display\n- (Updated backend mod to be compatible with Foundry 0.5.7 backend; please upgrade to 0.1.3 as required--also note the updated instructions for applying the mod)"
	},
	{
		"ver": "0.17.1",
		"date": "2020-05-18",
		"txt": "- Fixed \"tab name from scene\" crashing if there is no active scene"
	},
	{
		"ver": "0.17.2",
		"title": "Sweet Release",
		"date": "2020-05-22",
		"txt": "- (Compatibility update for 0.6.0)\n- All Wondrous items are now imported as equipment, if they do not have another non-loot type\n- Items are now imported as tweaked copies of their SRD versions, if available\n- Added support for \"Reliable Talent\" flag\n- Added experimental Multiattack roller (rolling a \"Multiattack\" action on a creature now _might_ roll some of its listed attacks)\n- Overhauled localStorage system to use Foundry's built-in \"client\"-type settings, where possible _[note that this will have reset many settings]_\n- Improved some 5etools hover window styling, and fixed Foundry-style `[[]]` tags from appearing within 5etools hover windows\n- Fixed Bulk Prototype Token Editor crashing on attempting to open configuration screen\n- Fixed Races importer crashing on attempting to load homebrew\n- Fixed error on attempting to bring an importer window to front"
	},
	{
		"ver": "0.18.0",
		"title": "Communist Manifest",
		"date": "2020-05-24",
		"txt": "- Added custom items to spells (thanks to Adriannom and co.)\n- Added custom icons to feats (thanks to Jinker)\n- Added experimental \"Enable Journal Embeds\" feature. When enabled, this allows you to rightclick a journal item and set an embedded link (Google Doc, YouTube video, etc.) which is then displayed as an embed in that journal entry. Note that this takes up the entire journal entry; any text which might have been in there will be hidden until you remove the embed (same process, but submit an empty URL field).\n- Multiattack auto-roller now handles a couple of additional formats\n- Fixed Item importer failing when importing to the Items directory\n- Fixed gold component values on imported spells"
	},
	{
		"ver": "1.0.0",
		"title": "Finishing Touches",
		"date": "2020-05-25",
		"txt": "- Added search bar to config\n- Added config option to \"Display Missing Health\" on tokens. This puts a small player-visible number on each token which has taken damage, showing how much health it's missing.\n- Added config option to disable Creature Importer Scale/Rename dialogue\n- Fixed Creature Importer failing to set spellcaster level"
	},
	{
		"ver": "1.1.0",
		"title": "Cocked and Locked",
		"date": "2020-05-31",
		"txt": "- Ammunition is now imported as a consumable, rather than a weapon (as per D&D 5e 0.9.2)\n- When importing a weapon that requires ammunition, the Item Importer will attempt to link that weapon to an existing consumable ammo item\n  - When importing items, weapons that require ammunition are now always imported last\n- Item Importer now uses base SRD item art if none is available for a specific variant (e.g. \"Longsword\" art will be used if \"Cool +1 Longsword\" does not exist in the SRD)\n- Improved Adventure/Book Importer error handling when dealing with mismatched contents and chapters\n- Added \"Open Default Importer\" buttons to Importer Wizard, which open the main \"5etools\" importer with one click\n- Improve Race Importer spell handling; spells should now be imported with the correct ability scores and preparation mode\n- Made some content matching (i.e. looking for existing class items when levelling up a class) less strict (now matches on only name, as opposed to name + source). Old strict matching is now available as a config option.\n- Added config option to avoid splitting item packs when importing items to actors\n- Fixed non-attunable magic items being imported as attuned\n- Fixed Class Importer failing to fully reset when switching from one source to another\n- Fixed file upload in Adventure/Book Importer"
	},
	{
		"ver": "1.1.1",
		"date": "2020-06-01",
		"txt": "- Fixed Race Importer failing to populate sheet items\n- Fixed Art Browser font color"
	},
	{
		"ver": "1.1.2",
		"date": "2020-06-03",
		"txt": "- (Added Mythic Odysseys of Theros files _[no compendium update yet]_)\n- Multiattack roller now detects some additional formats\n- Fixed Creature Importer failing to import Orc War Chief damage"
	},
	{
		"ver": "1.1.3",
		"title": "For Real This Time",
		"date": "2020-06-04",
		"txt": "- Restored compatibility with \"dark mode\" module(s), hopefully\n- Added compatibility with \"Mindmap\" module\n- Fixed inner windows failing to scroll on Firefox"
	},
	{
		"ver": "1.2.0",
		"title": "Plutonium For All (Sort-Of)",
		"date": "2020-06-06",
		"txt": "- Plutonium is no longer limited (in its manifest) to the \"dnd5e\" system, and should successfully load under other systems. While it will still contain all the 5e-specific importers and tools, the system-agnostic tweaks and tools should all work.\n- Added \"Directory Deduplicator\" tool\n- Added \"Vision\" section to Bulk Prototype Token Editor\n- Fixed Item Importer handling of Wand of the War Mage and Holy Water\n- Fixed \"Display Missing Health\" token option breaking under certain conditions\n- Fixed Class Importer crashing when importing subclasses with multiple choices of spell set (e.g. Land Druid)"
	},
	{
		"ver": "1.3.0",
		"title": "More Buttons",
		"date": "2020-06-13",
		"txt": "- Added Popout support to Scene/Item/Journal/Table/Art Browser windows\n- Added \"preview\" (click and hold) and \"import\" buttons to Importer lists\n- Improved styling of 5etools hover windows\n- Improved Spell Importer damage parsing, and allowed damage to be specified manually (notably used to improve damage rolls of Magic Missile)\n- Fixed homebrew adventures/books failing to load their linked creatures/etc.\n- Fixed bug where Multiattack Roller would send one message per connected player\n- Journal entries can now be toggled between Text/Image mode when Journal Embeds are enabled (although you have to manually re-open the entry)"
	},
	{
		"ver": "1.3.1",
		"date": "2020-06-20",
		"txt": "- Added support for main site data changes"
	},
	{
		"ver": "1.4.0",
		"title": "Online Classes",
		"date": "2020-07-12",
		"txt": "- Class Importer:\n  - Overhauled to handle new classes data format, including better splitting of text into individual features\n  - Added support for choosing from between multiple features (e.g. Fighting Styles)\n  - Improved parsing of text to extract extra information, such as durations, dice rolls, action types, and proficiencies\n  - Class and Optional Feature importers now pull from Foundry's SRD compendiums (where available) to enhance imported data\n  - Added ASI/feat picker when gaining an \"Ability Score Improvement\" feature\n- Added warning when importing more than 100 entities (as this can severely impact game performance). This warning can be disabled in the config.\n- Added advanced config option to use \"local\" image files rather than those from the 5e.tools server; note that this requires the contents of the 5etools \"image\" zip (available from get.5e.tools) to be present in the module directory\n- Added advanced config option to disable \"local\" data loading, forcing all data to be loaded from the 5e.tools server, or a custom server URL if one is provided\n- Fixed Race importer not setting token vision\n- Fixed file importer failing to function fruitfully\n- Fixed \"quick import\" buttons in Importer lists failing when importing homebrew\n- Fixed \"Fast Animations\" config setting affecting non-token animations, which could subtly break other systems\n- (Hopefully) Fixed BetterRolls support for Multiattack Auto-Roller\n- (Hopefully) Fixed Pop Out failing due to missing CORS headers"
	},
	{
		"ver": "1.4.1",
		"date": "2020-07-13",
		"txt": "- Fixed features with optional tool proficiencies failing to import"
	},
	{
		"ver": "1.4.2",
		"date": "2020-07-19",
		"txt": "- Improved overlay z-index compatibility with Foundry windows, hopefully preventing incorrect window/overlay ordering\n- Improved Class Importer UI for Ability Score Improvements\n- Fixed rare Class importer crash"
	},
	{
		"ver": "1.4.3",
		"date": "2020-07-20",
		"txt": "- Fixed class features with non-homebrew sources in homebrew classes crashing the Class Importer\n- Moved the option to import creatures with CR scaling/renaming to a button in the Creature Importer\n- Added workaround for missing player permissions when selecting a feat in the Classes Importer ASI dialogue"
	},
	{
		"ver": "1.5.0",
		"title": "Get In",
		"date": "2020-07-26",
		"txt": "- Added Vehicle Importer\n- Class Importer now correctly sets hit dice on classes imported to the items directory (although the recommendation is still to use the on-sheet importer, as it has additional functionality)\n- Multiattack Roller now handles additional cases"
	},
	{
		"ver": "1.6.0",
		"title": "Spend It All",
		"date": "2020-08-29",
		"txt": "- Added support for D&D 0.9.5, specifically the \"physical damage\" resistance/etc. changes\n- Added starting equipment picker to Class Importer; either picking from the available default equipment, or using a shop UI to buy starting items\n- Class Importer now always orders classes before subclasses, even when sorting in reverse-name order\n- Class Importer will now prefer \"always prepared\" subclass spells over existing \"regularly prepared\" spells, switching matching spells to \"always prepared\" as required\n- Images imported from the Art Browser may now be placed as Journal Notes\n- Cancelling an import will now post an \"import cancelled\" message in the task manager UI, rather than an \"import success\" message\n- Fixed Class Importer failing to fill spellcaster spell slots on levelling up\n- Fixed Class Importer failing to fill Pact Magic spell slots\n- Fixed duplicate homebrew listings appearing in Importer source lists\n- Fixed extra curly braces being rendered in imported adventure/book texts\n- Fixed Item Importer failing to import items to folders\n- Fixed Item Importer failing to set range for melee weapons"
	},
	{
		"ver": "1.6.1",
		"date": "2020-08-30",
		"txt": "- Fixed various bugs related to an internal API change (adventure/book content failing to populate; Class Feature Variants failing to show in filters)\n- Fixed Class Importer failing to import Gloom Stalker level 3"
	},
	{
		"ver": "1.6.2",
		"date": "2020-08-30",
		"txt": "- Simplified Class Importer list selection when importing a class to an actor\n- Class Importer now greys out class levels an actor (probably) already has\n- Fixed importers getting stuck in actor/journal mode when switching between actor/journal importing"
	},
	{
		"ver": "1.6.3",
		"date": "2020-08-31",
		"txt": "- Added \"Skip\" buttons to various Importer (primarily Class Importer) dialogues\n- Added experimental UI config option to remove the minimum mouse movement distance required to start a freehand drawing\n- Fixed Class Importer failing to load class data when importing a homebrew subclass\n- (Regenerated compendiums)"
	},
	{
		"ver": "1.7.0",
		"title": "No Plan Survives Contact with your Friends",
		"date": "2020-09-13",
		"txt": "- Importers may now load multiple data sets simultaneously. This can be used to, for example, load a homebrew file alongside 5etools' data, presenting both in one list.\n- Added starting equipment import step to Background Importer\n- Added \"Equipment Shop\" option to character sheet menu, which presents a mostly-identical UI to the class/background starting equipment screen\n\n- Creature Importer\n  - Now splits out Versatile damage where appropriate (as opposed to adding it as a secondary damage roll)\n  - Added config option to choose which spellcasting trait takes priority for creatures with multiple spellcasting traits\n  - Can now parse saving throws in traits (previously, only actions were checked)\n  - Improved parsing of dragon breath weapon attacks, to include targeting information, and splitting multi-modal breath weapons into their individual sub-modes. And, they now have a different icon!\n  - No longer skips skill/save bonuses if they aren't a perfect match with expected proficiency/expertise values. It will now instead choose proficient or expertise depending on which is closer to the original score. (Note that this will result in discrepancies between the original creature's skill/save bonus and the imported creature's, which will be ironed out in a future update.)\n  - Fixed some cases of parsing damage which must be dealt to the creature as damage the creature can output (e.g. \"the grapple can be broken by dealing 6 slashing damage to [the creature]\")\n\n- Spell damage data is now loaded from the SRD compendium where available, as this hand-curated data is more reliably correct\n- \"Choose Skills\" dialogues now display the ability score each skill is linked to\n- Fixed barding being imported as loot, rather than equipment (armor)\n- Fixed Importers failing to de-select list items post-import\n- Fixed Class Importer failing to import items chosen from equipment sets in the equipment import step\n- Fixed Class Importer crash on missing equipment data\n- (Regenerated compendiums)"
	},
	{
		"ver": "1.7.1",
		"date": "2020-09-15",
		"txt": "- (Added content from Icewind Dale: Rime of the Frostmaiden)"
	},
	{
		"ver": "1.7.2",
		"date": "2020-09-16",
		"txt": "- Fixed Table Importer failing to load"
	},
	{
		"ver": "1.8.0",
		"title": "Insert Package Joke Here",
		"date": "2020-09-20",
		"txt": "- Replaced Adventure Importer \"Worlds\" repository link with \"Package Importer,\" a UI for directly importing pre-built modules/worlds. Massive thanks to @ Modnar for providing the modules, worlds, misc data, and infrastructure to allow this to happen.\n- Split Adventure/Book Importer \"Configure and Import\" UI into two tabs: one for the \"classic\" importer which pulls actors, items, and journal entries from 5etools; one which attempts to find an available module/world in the above Package Importer tool for the currently selected source. \n- Creature Importer now correctly handles pact magic slots\n- Fixed Class Importer default starting equipment failing to combine stacks of items\n- Fixed image paths containing apostrophes failing to render in chat cards/sheet item thumbnails"
	},
	{
		"ver": "1.8.1",
		"date": "2020-09-22",
		"txt": "- Fixed Table Importer failing to import"
	},
	{
		"ver": "1.9.0",
		"date": "2020-09-25",
		"txt": "- Added experimental Journal Entries Config option to allow \"@EmbedJournalEntry\" syntax\n- Importing 2nd-level Warlock in the Class Importer now presents an Eldritch Invocation selection dialogue\n- Eldritch Invocation images and data are now pulled from the SRD, where available"
	},
	{
		"ver": "1.10.0",
		"date": "2020-09-26",
		"txt": "- Added \"Import and Set Preparation Details\" alt-import button to Spell Importer. This functions similarly to the Creature Importer's \"Import with CR Scaling/Renames\" button, opening a UI which allows spell preparedness/preparation mode to be set as part of the import.\n- Added Spell Importer Config options to control spell preparedness/preparation mode when importing spells as items\n- Made the default config set more \"opinionated,\" i.e. more optional extras are enabled by default"
	},
	{
		"ver": "1.10.1",
		"date": "2020-09-27",
		"txt": "- Fixed Creature Importer and Vehicle Importer crash"
	},
	{
		"ver": "1.10.2",
		"date": "2020-09-27",
		"txt": "- Fixed Importer custom URL sources"
	},
	{
		"ver": "1.11.0",
		"date": "2020-10-02",
		"txt": "- The Race Importer now sets damage resistances, damage immunities, and condition immunities when importing a race to an actor"
	},
	{
		"ver": "1.12.0",
		"date": "2020-10-10",
		"txt": "- Tweaked UI for Race/Background Importer skill/language/tool proficiency popups, to reduce the number of popups, show more information, and help avoid double-picking the same proficiencies.\n- Race Importer now attempts to load race and race feature icons from the SRD compendium\n- Added advanced Config options to control whether or not bio/description text is imported when importing most entity types\n- Improved workaround for CR-less creature proficiency bonus detection, mitigating some cases where a creature's save/skill bonuses could become incorrectly inflated\n- Added workaround for DND5e 0.9.8 bug where levelling up a non-SRD class causes crashes to Class Importer\n- Added compatibility for 0.7.x token validation, avoiding case where token-less creatures/vehicles would crash the Creature/Vehicle importer"
	},
	{
		"ver": "1.12.1",
		"date": "2020-10-12",
		"txt": "- Pressing ESC now closes open Plutonium title dropdown menus\n- Restored compatibility with dnd5e system versions <0.9.8"
	},
	{
		"ver": "1.12.2",
		"date": "2020-10-13",
		"txt": "- Fixed Race Importer crash when a proficiency type is not defined on a race"
	},
	{
		"ver": "1.13.0",
		"date": "2020-10-18",
		"title": "Triskaidekaphobia",
		"txt": "- Added \"Duplicate Handling Mode\" to Importer config. This allows duplicate imports to be skipped/overwritten when importing, rather than filling your directories with junk copies.\n  - Functions in both directories and compendiums, but not within sheets (i.e. does not deduplicate sheet items when importing)\n  - Note that this involved sweeping changes to every importer. Expect bugs.\n- Table Importer now converts inline rolls to Foundry's [[/r ...]] format, allowing the sub-rolls to be rolled from chat cards\n- Fixed Class Importer Ability Score Improvement screen failing to handle Foundry's new numbers-as-strings data format\n- (Updated module `\"compatibleCoreVersion\"` to reflect current compatibility target)"
	},
	{
		"ver": "1.13.1",
		"date": "2020-10-21",
		"txt": "- Added Config options to control the default expanded/collapsed state of embedded journal entries\n- Added SHIFT-click to mass expand/collapse embedded journal entries\n- Fixed rare Race Importer crash, affecting races with notes in their entries "
	},
	{
		"ver": "1.14.0",
		"date": "2020-10-21",
		"title": "Interoperability",
		"txt": "- (0.7.x) Moved directory buttons to match new layout\n- (0.7.x) Added Config option to hide directory buttons\n- Fixed Polymorpher crash\n- Fixed Polymorpher list \"quick import\" buttons importing via main importer rather than polymorph importer\n- Fixed Embedded Journal URL option breaking quick-switching between \"Text\" and \"Image\" journal entry modes\n- Split README backend mod installation section into 0.6.x and 0.7.x parts\n- (Server) Added 0.7.x version of backend mod (and moved copies of `plutonium-backend.js` files to version folders)"
	},
	{
		"ver": "1.14.1",
		"date": "2020-10-23",
		"txt": "- (0.7.x) Fixed Art Browser crash during module initialization\n- (0.7.x) Fixed incompatibility with Dynamic Active Effects module when importing armor items to an actor\n- (0.7.x) Fixed sheet items missing from actors when imported to a compendium\n- Added Popout and Delete All buttons to compendium headers\n- Fixed incompatibility with Obsidian sheet"
	},
	{
		"ver": "1.14.2",
		"date": "2020-10-24",
		"txt": "- Fixed the Class Importer crashing when importing subclasses to the items directory\n- The \"Fast UI Animations\" Config option is no longer enabled by default, as it causes sheets to fail to correctly close for some users. If you have to refresh to be able to re-open a sheet after closing it, disable this option."
	},
	{
		"ver": "1.14.3",
		"date": "2020-10-24",
		"txt": "- Fixed Table Importer failing to convert \"00\" in d100 results to \"100\"\n- The Class Importer now exposes class/subclass source information as flags on created sheet items, adding potential for better integration with other modules"
	},
	{
		"ver": "1.14.4",
		"date": "2020-10-25",
		"txt": "- Improved compatibility with Dynamic Active Effects for creature ACs, avoiding cases where an incorrect AC value would be set by DAE from a creature's equipped armor\n- Fixed Item Importer failing to set image when importing to the items directory/compendiums"
	},
	{
		"ver": "1.14.5",
		"date": "2020-10-25",
		"txt": "- Fixed broken links in journal entries created by Adventure/Book Importer and Table Importer"
	},
	{
		"ver": "1.14.6",
		"date": "2020-11-08",
		"txt": "- Added support for dnd5e v0.99\n  - New speed data is now populated\n  - New Diamond Soul flag is now set when importing the appropriate Monk level\n  - Added workaround for Foundry crash on levelling a class sheet item\n- (0.70x) Fixed Streamer Mode failing to rename compendiums\n- Fixed cases where Importer filters were not being cleaned up correctly, resulting in e.g. the Sources filter being blank\n- Fixed Creature Importer handling bonus weapons which do not state the bonus in the weapon name, e.g. Githyanki Knight's Silver Greatsword\n- (Regenerated compendiums)"
	},
	{
		"ver": "1.14.7",
		"date": "2020-11-16",
		"txt": "- Spells imported as part of a race now include their usage limits\n- Added/improved Creature Importer parsing of some statblock elements to handle new formats introduced in TCE\n- Fixed Background Importer raising a (harmless) error on completing some import options\n- (Regenerated compendiums)"
	},
	{
		"ver": "1.14.8",
		"date": "2020-11-18",
		"txt": "- Fixed Class Importer failing to load chosen feats in the Ability Score Improvement UI\n- Fixed rare crash when importing text containing skill proficiencies"
	},
	{
		"ver": "1.15.0",
		"title": "All the Small Things",
		"date": "2020-11-23",
		"txt": "- Creature Importer\n  - Sheet items now use SRD compendium art where available\n  - Legendary resistances and legendary actions now consume the appropriate sheet resource when used\n  - \"Split\" breath weapons (found on e.g. good-aligned dragons) now reference their parent breath weapon, in order to correctly handle charge usage\n  - \"Eye Ray\" actions are now split into one sheet item per ray (rather than the previous single item for all rays)\n- Added custom handling when drag-dropping Plutonium-imported items (classes, races, backgrounds) to actor sheets. The UI flow found when importing an item directly to the sheet is now triggered, rather than Foundry's default of creating a sheet item with static information. Note that this change is not retroactive; previously-imported items will drag-drop as before.\n- Added rudimentary action/equipment/weapon import to Vehicle Importer\n- Improved Multiattack Roller compatibility with Midi QoL\n- Added config option to hide \"Import\" buttons to users below a certain role\n- Added \"Thumbnail Size\" slider to Art Browser\n- Art Browser now displays its current drop mode in the window title (in addition to displaying it on the cycler button in the UI)\n- Added deduplication step to Importer list, which hides duplicates when selecting overlapping sources\n- Fixed ESC presses \"closing\" popped-out windows\n- Popped-out windows now close immediately, rather than re-opening in the main window, when their containing browser window is closed\n- Fixed Polymorpher failing to load creature data\n- (Regenerated compendiums)"
	},
	{
		"ver": "1.15.1",
		"date": "2020-11-24",
		"txt": "- Fixed various races failing to import"
	},
	{
		"ver": "1.15.2",
		"date": "2020-11-27",
		"txt": "- Added Config option to disable Plutonium-specific drag-drop handling, or to prompt the user each time\n- Importing the Artificer via the Class Importer now prompts the user to load their spell list\n- Fixed importer incorrectly deduplicating content, resulting in only the first selected source being displayed when selecting multiple sources\n- Fixed skill imported skill proficiencies not matching the proficiencies selected"
	},
	{
		"ver": "1.15.3",
		"date": "2020-11-29",
		"txt": "- Fixed Adventure/Book Importer crash when attempting to deduplicate content"
	},
	{
		"ver": "1.16.0",
		"title": "Healthy Growth",
		"date": "2020-12-04",
		"txt": "- Added option to increase HP on levelling/adding class to Class Importer\n- Added Config option to use a creature's/vehicle's token image over its portrait image when populating its sheet portrait during import\n- Fixed Class Importer incorrectly handling drag-dropped subclass items\n- Fixed Shop send-to-right button functionality being bound to the \"preview\" button\n- (Electron) Fixed item drag-drop override causing further text input to fail until the app is minimized/re-maximized\n- (Server; Optional; v0.1.7) Improved error logging"
	},
	{
		"ver": "1.16.1",
		"date": "2020-12-09",
		"txt": "- (Server; v0.2.0) Added package importer, replacing the previously-default Foundry importer (removed in Foundry 0.7.8). Note that this was removed from Foundry due to security concerns; install the backend mod at your own risk.\n- When attempting to install a package via the Package Importer, if the modded backend is not detected, a list of manifest links will be presented for the user to manually install via Foundry's regular \"Setup\" flow. With the modded backend installed, this functionality can be force-enabled via a config option.\n- Fixed Class Importer crashing on missing hit dice (e.g. sidekick classes)\n- Fixed Creature Importer failing to recognise some area effect formats (e.g. abominable yeti)"
	},
	{
		"ver": "1.16.2",
		"date": "2020-12-12",
		"txt": "- Improved compatibility with Dungeon World game system\n- Fixed Class Importer skipping equipment import\n- Added compatibility with dnd5e v1.2.0"
	},
	{
		"ver": "1.16.3",
		"date": "2020-12-18",
		"txt": "- Updated Polymorph \"Wildshape\" mode to match latest dnd5e version\n- Fixed Importer crashing when importing certain non-SRD creatures\n- Fixed Importer crashing when used as a player\n- Importer is now tolerant of broken entity \"source\" data, improving compatibility with some modules\n- (Regenerated compendiums)"
	},
	{
		"ver": "1.17.0",
		"date": "2020-12-26",
		"title": "Forced to Use a Laptop Screen Over Christmas",
		"txt": "- Added UI Config option to \"Compact Chat.\" This hides the author header for messages from an author after their first (within a time limit), to mimic the functionality of most modern chat apps. This, unfortunately, hides the \"delete\" button, so you can hold down SHIFT while hovering over a message to reveal the header.\n- Improved Starting Equipment UI to allow items to be purchased with gold while also gaining default starting equipment. This is useful in cases where you already have a gold amount entered into a sheet (e.g. from a background), and add class levels afterwards.\n- Fixed Art Browser button show/hide Config options failing to hide the correct buttons \n- Fixed Class Importer crashing when cancelling level selection"
	},
	{
		"ver": "1.18.0",
		"date": "2020-12-29",
		"title": "Perfidious Packaging",
		"txt": "- Feat Importer can now modify ability scores \n- Feat Importer can now import spells associated with a feat\n- Improved Spell Importer handling of various additional spell source, to (hopefully) improve the accuracy of preparation modes and use counts\n- All importers will now ask the user for confirmation before modifying an actor's ability scores (previously, no-choice ability score increases would always be applied) \n- Migrated hard-coded \"is prepared spellcaster\" check in Class Importer to class data, to allow homebrew classes to import spell lists in the future\n- Added rudimentary language import step to Class Importer, which currently ensures Druids learn Druidic, and Rogues learn Thieves' Cant. This will be expanded in future to support subclasses (e.g. Draconic Sorcerer), and learning languages at higher levels\n- (Fixed issue with package compilation which prevented the previous release from actually releasing)"
	},
	{
		"ver": "1.18.1",
		"date": "2021-01-03",
		"txt": "- Overhauled Importer \"Additional Spells\" UI, used when races, feats, or subclasses provide additional spells during\n- Fixed a piece of flawed library code which had introduced about ten very subtle, but very nasty, bugs. The effect of these bugs was to either reduce import performance, or to partially delete to-be-imported data in some rare cases."
	},
	{
		"ver": "1.19.0",
		"date": "2021-01-11",
		"title": "Come Kill Me, I'm Verified",
		"txt": "- Added popout (to new window) buttons to popped-out sidebar tabs (e.g. Combat Tracker)\n- Added warning message when probably about to delete a non-transformed actor after a player clicks the \"Restore Transformation\" button on a transformed actor. Root cause of this behaviour still unknown.\n- Vehicle Importer now sets the actor's speeds to a reasonable interpretation of the vehicle's speed, within the restrictions of the sheet\n- Fixed Vehicle Importer crash on parsing certain speed types\n- Added support for gaining feats to Race Importer (i.e. Variant Human and Custom Lineage)\n- Fixed Creature Importer \"Rename\" functionality mangling text, when that text contains a longer word containing the creature's original name (e.g. \"imp\" in \"impeding\")\n- Added workaround for Item Importer failing to import \"equipment\"-type items as \"equipped\"\n- Improved Item Importer's classification of items as \"equipped\" or \"not equipped,\" now providing a reasonable guess based on item type\n- Fixed Compact Chat hiding skill names\n- Fixed Compact Chat incorrectly hiding headers in some cases\n- (Verified compatibility with dnd5e v1.2.2)"
	},
	{
		"ver": "1.20.0",
		"date": "2021-01-24",
		"title": "Stay Wrapped",
		"txt": "- Migrated Foundry/dnd5e patching to libWrapper\n- Added stub Plutonium settings to Foundry's \"Module Settings\" tab, with a button to open the main Plutonium Config\n- Added Config option to set minimum permission level required to use the Equipment Shop\n- Added support to Class Importer for gaining optional features at specified levels; currently used to prompt for choosing Eldritch Invocations when importing Warlock\n- Added support for \"characteristics\" (trait/ideal/bond/flaw) to Background Importer\n- Added Config option to import on-failing-save secondary attack damage (e.g. a the poison damage of a Giant Spider's bite) as \"Other Formula\" rather than a damage roll. This may improve compatibility with other modules, e.g. Midi-qol\n- Fixed Polymorph failing to add sheet items\n- Fixed various Importer UI bugs (e.g. Polymorph importer's buttons saying \"Import\" instead of \"Select\")\n- Fixed Creature Importer failing to locate sheet item icons (and slightly expanded those that it can locate, besides)\n- Fixed \"expanded spell list\" spells (i.e. Warlock subclass lists) importing as innate/always prepared spells\n- Fixed Multiattack Roller infinitely looping when detecting a \"multiattack\" action within the clicked multiattack action, and improved detection of some action types\n- Widened initial Art Browser window on narrow screens, to avoid hiding UI"
	},
	{
		"ver": "1.21.0",
		"date": "2021-02-06",
		"title": "Auspicious",
		"txt": "- Added support for choosing spell ability from a list of options presented by race [notably found in the UA2021: Gothic Lineages]\n- Added support for \"weighted\" ability scores [5etools' representation of those found in the UA2021: Gothic Lineages]\n- Added Polymorpher support for CR scaling/renaming [the button was previously displayed, but had no effect]\n- Reworked Importer list \"preview\" button (previously, an \"eye\" button you had to click-and-hold) to be an expandable drop-down set in-line in the list\n- Tweaked Importer list styling, adding borders and on-hover highlights to improve visual clarity\n- Added \"Find Active Effect Attribute Key\" button to rows in \"Effects\" tab of Configure Active Effect windows. This brings up a list of (hopefully) all available active effect attribute keys for the actor/item effect you're configuring. For those of you who use DAE, this is similar to the dropdown it provides for quickly selecting a key. As such, Plutonium's version  can be disabled in the Config for UI. [This was added mainly for my own benefit as I explore Active Effects, and may not be a permanent fixture]\n- Improved Starting Equipment/Equipment Shop UI, adding better visual hinting when gold has been rolled, and adding more navigation options\n- Improved compatibility with the Forien's Quest Log module\n- Improved Spell Importer dice parsing\n- Fixed Background Importer off-by-one error when rolling for characteristics\n- Fixed Equipment Shop failing to load its saved and/or default item list\n- Fixed Equipment Shop failing to correctly set an actor's currency on confirming a transaction\n- Fixed Package Importer list highlighting when clicking between selections\n- Fixed Item Importer splitting \"atomic\" collections of items (e.g. \"Bag of Ball Bearings (1,000)\") into their constituent items on import. If you still wish to import 1,000 individual Ball Bearing items, a Config option has been provided to disable this new behaviour.\n- Fixed Race Importer double-applying skill proficiencies in some cases \n- Added Rivet support for routePrefix'd game URLs [this update should have already been live in the Chrome and Firefox extension stores for some time]\n- (Added Rivet source to download)"
	},
	{
		"ver": "1.21.1",
		"date": "2021-02-06",
		"txt": "- (Compatibility/syncing with 5etools filter fix)"
	},
	{
		"ver": "1.22.0",
		"date": "2021-02-10",
		"title": "Better Late than Never?",
		"txt": "- Added Config option to populate item (as in, 5e items, not Foundry items) active effects on import\n- Added Config option to use alternate active effect calculations, which support Foundry's roll \"@variable\" syntax (familiar for any DAE users)\n- Added warning message when DAE is enabled, and automatic disable for some features which are known to cause conflicts (the two mentioned above, as well as the extra \"Active Effect Attribute Key Helper\" button shown when configuring active effects)"
	},
	{
		"ver": "1.23.0",
		"date": "2021-02-15",
		"title": "True Care, Truth Brings",
		"txt": "- Added active effect generation to Item Importer for damage resistance/immunity/vulnerability and condition immunity\n- Improved Item Importer and Creature Importer DAE compatibility (and as such, removed warning notifications when both are active)\n- Improved active effect config UI tweaks, by adding a \"Priority\" field and improving the visuals. The Config option to enable/disable the tweaks has been renamed to \"Expand Active Effect Config.\"\n- Innately cast spells imported by the Race Importer are now imported with their appropriate casting level baked in (for example, a Tiefling's Hellish Rebuke is now set to 3d10 fire damage rather than 2d10). [The dnd5e sheet doesn't allow casting level to be chosen for innate spells, so the damage roll was always missing a die. This \"workaround\" may be removed if this changes in future.]\n- In the Class Importer, a special \"Unarmed Strike\" weapon is now created when importing the Monk class\n- The Class Importer can now create active effects for increased movement speed; this is currently used to create an Unarmored Movement effect for Monk, and a Fast Movement effect for Barbarian\n- The Class Importer now creates \"Unarmored Defense\" active effects\n- Added Config option to import fluff images to creature biographies (Creature Importer) and vehicle descriptions (Vehicle Importer)\n- Added Config option to set attunement type for items which would import with attunement requirements in Item Importer\n- Added (GM only) Config option to scale the prices in the Equipment Shop\n- Added rudimentary Supernatural Gifts and Rewards Importer\n- Improved visual clarity of Config search results (the sidebar is now greyed out for sections which contain no results)\n- Fixed incorrect active effect key being used for items which increase spell attack\n- Fixed extended active effect parser crashing the module's loading process in the presence of a broken active effect\n- Fixed price info not being populated on creature equipment\n- Improved performance of list rendering [by making the buttons uglier!]\n- (Removed fallback Art Browser image loader, as this depended on an external website which has since become too restricted to be of use)\n- (Regenerated compendiums)"
	}
]
