{
	"item": [
		{
			"name": "Amulet of Health",
			"source": "DMG",
			"Modifiers": "Constitution: 19"
		},
		{
			"name": "Arrow +1",
			"source": "DMG",
			"Modifiers": "Ranged Attacks +1, Ranged Damage +1"
		},
		{
			"name": "Arrow +2",
			"source": "DMG",
			"Modifiers": "Ranged Attacks +2, Ranged Damage +2"
		},
		{
			"name": "Arrow +3",
			"source": "DMG",
			"Modifiers": "Ranged Attacks +3, Ranged Damage +3"
		},
		{
			"name": "Battleaxe +1",
			"source": "DMG",
			"Modifiers": "Melee Attacks +1, Melee Damage +1"
		},
		{
			"name": "Battleaxe +2",
			"source": "DMG",
			"Modifiers": "Melee Attacks +2, Melee Damage +2"
		},
		{
			"name": "Battleaxe +3",
			"source": "DMG",
			"Modifiers": "Melee Attacks +3, Melee Damage +3"
		},
		{
			"name": "Belt of Dwarvenkind",
			"source": "DMG",
			"Modifiers": "Constitution +2"
		},
		{
			"name": "Belt of Giant Strength",
			"source": "DMG",
			"Modifiers": "Strength: 21"
		},
		{
			"name": "Blowgun +1",
			"source": "DMG",
			"Modifiers": "Ranged Attacks +1, Ranged Damage +1"
		},
		{
			"name": "Blowgun +2",
			"source": "DMG",
			"Modifiers": "Ranged Attacks +2, Ranged Damage +2"
		},
		{
			"name": "Blowgun +3",
			"source": "DMG",
			"Modifiers": "Ranged Attacks +3, Ranged Damage +3"
		},
		{
			"name": "Bracers of Defense",
			"source": "DMG",
			"Modifiers": "Ac +2"
		},
		{
			"name": "Breastplate +1",
			"source": "DMG",
			"Modifiers": "Ac +1"
		},
		{
			"name": "Breastplate +2",
			"source": "DMG",
			"Modifiers": "Ac +2"
		},
		{
			"name": "Breastplate +3",
			"source": "DMG",
			"Modifiers": "Ac +3"
		},
		{
			"name": "Chain Mail +1",
			"source": "DMG",
			"Modifiers": "Ac +1"
		},
		{
			"name": "Chain Mail +2",
			"source": "DMG",
			"Modifiers": "Ac +2"
		},
		{
			"name": "Chain Mail +3",
			"source": "DMG",
			"Modifiers": "Ac +3"
		},
		{
			"name": "Chain Shirt +1",
			"source": "DMG",
			"Modifiers": "Ac +1"
		},
		{
			"name": "Chain Shirt +2",
			"source": "DMG",
			"Modifiers": "Ac +2"
		},
		{
			"name": "Chain Shirt +3",
			"source": "DMG",
			"Modifiers": "Ac +3"
		},
		{
			"name": "Cloak of Protection",
			"source": "DMG",
			"Modifiers": "Ac +1, Saving Throws +1"
		},
		{
			"name": "Club +1",
			"source": "DMG",
			"Modifiers": "Melee Attacks +1, Melee Damage +1"
		},
		{
			"name": "Club +2",
			"source": "DMG",
			"Modifiers": "Melee Attacks +2, Melee Damage +2"
		},
		{
			"name": "Club +3",
			"source": "DMG",
			"Modifiers": "Melee Attacks +3, Melee Damage +3"
		},
		{
			"name": "Dagger +1",
			"source": "DMG",
			"Modifiers": "Weapon Attacks +1, Weapon Damage +1"
		},
		{
			"name": "Dagger +2",
			"source": "DMG",
			"Modifiers": "Weapon Attacks +2, Weapon Damage +2"
		},
		{
			"name": "Dagger +3",
			"source": "DMG",
			"Modifiers": "Weapon Attacks +3, Weapon Damage +3"
		},
		{
			"name": "Dagger of Venom",
			"source": "DMG",
			"Modifiers": "Weapon Attacks +1, Weapon Damage +1"
		},
		{
			"name": "Dart +1",
			"source": "DMG",
			"Modifiers": "Ranged Attacks +1, Ranged Damage +1"
		},
		{
			"name": "Dart +2",
			"source": "DMG",
			"Modifiers": "Ranged Attacks +2, Ranged Damage +2"
		},
		{
			"name": "Dart +3",
			"source": "DMG",
			"Modifiers": "Ranged Attacks +3, Ranged Damage +3"
		},
		{
			"name": "Demon Armor",
			"source": "DMG",
			"Modifiers": "Ac +1"
		},
		{
			"name": "Dwarven Plate",
			"source": "DMG",
			"Modifiers": "Ac +2"
		},
		{
			"name": "Dwarven Thrower",
			"source": "DMG",
			"Modifiers": "Weapon Attacks +3, Weapon Damage +3"
		},
		{
			"name": "Elven Chain",
			"source": "DMG",
			"Modifiers": "Ac +1"
		},
		{
			"name": "Flail +1",
			"source": "DMG",
			"Modifiers": "Melee Attacks +1, Melee Damage +1"
		},
		{
			"name": "Flail +2",
			"source": "DMG",
			"Modifiers": "Melee Attacks +2, Melee Damage +2"
		},
		{
			"name": "Flail +3",
			"source": "DMG",
			"Modifiers": "Melee Attacks +3, Melee Damage +3"
		},
		{
			"name": "Gauntlets of Ogre Power",
			"source": "DMG",
			"Modifiers": "Strength: 19"
		},
		{
			"name": "Glaive +1",
			"source": "DMG",
			"Modifiers": "Melee Attacks +1, Melee Damage +1"
		},
		{
			"name": "Glaive +2",
			"source": "DMG",
			"Modifiers": "Melee Attacks +2, Melee Damage +2"
		},
		{
			"name": "Glaive +3",
			"source": "DMG",
			"Modifiers": "Melee Attacks +3, Melee Damage +3"
		},
		{
			"name": "Glamoured Studded Leather",
			"source": "DMG",
			"Modifiers": "Ac +1"
		},
		{
			"name": "Greataxe +1",
			"source": "DMG",
			"Modifiers": "Melee Attacks +1, Melee Damage +1"
		},
		{
			"name": "Greataxe +2",
			"source": "DMG",
			"Modifiers": "Melee Attacks +2, Melee Damage +2"
		},
		{
			"name": "Greataxe +3",
			"source": "DMG",
			"Modifiers": "Melee Attacks +3, Melee Damage +3"
		},
		{
			"name": "Greatclub +1",
			"source": "DMG",
			"Modifiers": "Melee Attacks +1, Melee Damage +1"
		},
		{
			"name": "Greatclub +2",
			"source": "DMG",
			"Modifiers": "Melee Attacks +2, Melee Damage +2"
		},
		{
			"name": "Greatclub +3",
			"source": "DMG",
			"Modifiers": "Melee Attacks +3, Melee Damage +3"
		},
		{
			"name": "Greater Silver Sword",
			"source": "MTF",
			"Modifiers": "Melee Attacks +3, Melee Damage +3"
		},
		{
			"name": "Greatsword +1",
			"source": "DMG",
			"Modifiers": "Melee Attacks +1, Melee Damage +1"
		},
		{
			"name": "Greatsword +2",
			"source": "DMG",
			"Modifiers": "Melee Attacks +2, Melee Damage +2"
		},
		{
			"name": "Greatsword +3",
			"source": "DMG",
			"Modifiers": "Melee Attacks +3, Melee Damage +3"
		},
		{
			"name": "Halberd +1",
			"source": "DMG",
			"Modifiers": "Melee Attacks +1, Melee Damage +1"
		},
		{
			"name": "Halberd +2",
			"source": "DMG",
			"Modifiers": "Melee Attacks +2, Melee Damage +2"
		},
		{
			"name": "Halberd +3",
			"source": "DMG",
			"Modifiers": "Melee Attacks +3, Melee Damage +3"
		},
		{
			"name": "Half Plate Armor +1",
			"source": "DMG",
			"Modifiers": "Ac +1"
		},
		{
			"name": "Half Plate Armor +2",
			"source": "DMG",
			"Modifiers": "Ac +2"
		},
		{
			"name": "Half Plate Armor +3",
			"source": "DMG",
			"Modifiers": "Ac +3"
		},
		{
			"name": "Hammer of Thunderbolts",
			"source": "DMG",
			"Modifiers": "Melee Attacks +1, Melee Damage +1"
		},
		{
			"name": "Hand Crossbow +1",
			"source": "DMG",
			"Modifiers": "Ranged Attacks +1, Ranged Damage +1"
		},
		{
			"name": "Hand Crossbow +2",
			"source": "DMG",
			"Modifiers": "Ranged Attacks +2, Ranged Damage +2"
		},
		{
			"name": "Hand Crossbow +3",
			"source": "DMG",
			"Modifiers": "Ranged Attacks +3, Ranged Damage +3"
		},
		{
			"name": "Handaxe +1",
			"source": "DMG",
			"Modifiers": "Weapon Attacks +1, Weapon Damage +1"
		},
		{
			"name": "Handaxe +2",
			"source": "DMG",
			"Modifiers": "Weapon Attacks +2, Weapon Damage +2"
		},
		{
			"name": "Handaxe +3",
			"source": "DMG",
			"Modifiers": "Weapon Attacks +3, Weapon Damage +3"
		},
		{
			"name": "Headband of Intellect",
			"source": "DMG",
			"Modifiers": "Intelligence: 19"
		},
		{
			"name": "Heavy Crossbow +1",
			"source": "DMG",
			"Modifiers": "Ranged Attacks +1, Ranged Damage +1"
		},
		{
			"name": "Heavy Crossbow +2",
			"source": "DMG",
			"Modifiers": "Ranged Attacks +2, Ranged Damage +2"
		},
		{
			"name": "Heavy Crossbow +3",
			"source": "DMG",
			"Modifiers": "Ranged Attacks +3, Ranged Damage +3"
		},
		{
			"name": "Hide Armor +1",
			"source": "DMG",
			"Modifiers": "Ac +1"
		},
		{
			"name": "Hide Armor +2",
			"source": "DMG",
			"Modifiers": "Ac +2"
		},
		{
			"name": "Hide Armor +3",
			"source": "DMG",
			"Modifiers": "Ac +3"
		},
		{
			"name": "Javelin +1",
			"source": "DMG",
			"Modifiers": "Weapon Attacks +1, Weapon Damage +1"
		},
		{
			"name": "Javelin +2",
			"source": "DMG",
			"Modifiers": "Weapon Attacks +2, Weapon Damage +2"
		},
		{
			"name": "Javelin +3",
			"source": "DMG",
			"Modifiers": "Weapon Attacks +3, Weapon Damage +3"
		},
		{
			"name": "Lance +1",
			"source": "DMG",
			"Modifiers": "Melee Attacks +1, Melee Damage +1"
		},
		{
			"name": "Lance +2",
			"source": "DMG",
			"Modifiers": "Melee Attacks +2, Melee Damage +2"
		},
		{
			"name": "Lance +3",
			"source": "DMG",
			"Modifiers": "Melee Attacks +3, Melee Damage +3"
		},
		{
			"name": "Leather Armor +1",
			"source": "DMG",
			"Modifiers": "Ac +1"
		},
		{
			"name": "Leather Armor +2",
			"source": "DMG",
			"Modifiers": "Ac +2"
		},
		{
			"name": "Leather Armor +3",
			"source": "DMG",
			"Modifiers": "Ac +3"
		},
		{
			"name": "Light Crossbow +1",
			"source": "DMG",
			"Modifiers": "Ranged Attacks +1, Ranged Damage +1"
		},
		{
			"name": "Light Crossbow +2",
			"source": "DMG",
			"Modifiers": "Ranged Attacks +2, Ranged Damage +2"
		},
		{
			"name": "Light Crossbow +3",
			"source": "DMG",
			"Modifiers": "Ranged Attacks +3, Ranged Damage +3"
		},
		{
			"name": "Longbow +1",
			"source": "DMG",
			"Modifiers": "Ranged Attacks +1, Ranged Damage +1"
		},
		{
			"name": "Longbow +2",
			"source": "DMG",
			"Modifiers": "Ranged Attacks +2, Ranged Damage +2"
		},
		{
			"name": "Longbow +3",
			"source": "DMG",
			"Modifiers": "Ranged Attacks +3, Ranged Damage +3"
		},
		{
			"name": "Longsword +1",
			"source": "DMG",
			"Modifiers": "Melee Attacks +1, Melee Damage +1"
		},
		{
			"name": "Longsword +2",
			"source": "DMG",
			"Modifiers": "Melee Attacks +2, Melee Damage +2"
		},
		{
			"name": "Longsword +3",
			"source": "DMG",
			"Modifiers": "Melee Attacks +3, Melee Damage +3"
		},
		{
			"name": "Mace +1",
			"source": "DMG",
			"Modifiers": "Melee Attacks +1, Melee Damage +1"
		},
		{
			"name": "Mace +2",
			"source": "DMG",
			"Modifiers": "Melee Attacks +2, Melee Damage +2"
		},
		{
			"name": "Mace +3",
			"source": "DMG",
			"Modifiers": "Melee Attacks +3, Melee Damage +3"
		},
		{
			"name": "Mace of Smiting",
			"source": "DMG",
			"Modifiers": "Melee Attacks +1, Melee Damage +1"
		},
		{
			"name": "Maul +1",
			"source": "DMG",
			"Modifiers": "Melee Attacks +1, Melee Damage +1"
		},
		{
			"name": "Maul +2",
			"source": "DMG",
			"Modifiers": "Melee Attacks +2, Melee Damage +2"
		},
		{
			"name": "Maul +3",
			"source": "DMG",
			"Modifiers": "Melee Attacks +3, Melee Damage +3"
		},
		{
			"name": "Morningstar +1",
			"source": "DMG",
			"Modifiers": "Melee Attacks +1, Melee Damage +1"
		},
		{
			"name": "Morningstar +2",
			"source": "DMG",
			"Modifiers": "Melee Attacks +2, Melee Damage +2"
		},
		{
			"name": "Morningstar +3",
			"source": "DMG",
			"Modifiers": "Melee Attacks +3, Melee Damage +3"
		},
		{
			"name": "Net +1",
			"source": "DMG",
			"Modifiers": "Ranged Attacks +1, Ranged Damage +1"
		},
		{
			"name": "Net +2",
			"source": "DMG",
			"Modifiers": "Ranged Attacks +2, Ranged Damage +2"
		},
		{
			"name": "Net +3",
			"source": "DMG",
			"Modifiers": "Ranged Attacks +3, Ranged Damage +3"
		},
		{
			"name": "Padded Armor +1",
			"source": "DMG",
			"Modifiers": "Ac +1"
		},
		{
			"name": "Padded Armor +2",
			"source": "DMG",
			"Modifiers": "Ac +2"
		},
		{
			"name": "Padded Armor +3",
			"source": "DMG",
			"Modifiers": "Ac +3"
		},
		{
			"name": "Pike +1",
			"source": "DMG",
			"Modifiers": "Melee Attacks +1, Melee Damage +1"
		},
		{
			"name": "Pike +2",
			"source": "DMG",
			"Modifiers": "Melee Attacks +2, Melee Damage +2"
		},
		{
			"name": "Pike +3",
			"source": "DMG",
			"Modifiers": "Melee Attacks +3, Melee Damage +3"
		},
		{
			"name": "Plate Armor +1",
			"source": "DMG",
			"Modifiers": "Ac +1"
		},
		{
			"name": "Plate Armor +2",
			"source": "DMG",
			"Modifiers": "Ac +2"
		},
		{
			"name": "Plate Armor +3",
			"source": "DMG",
			"Modifiers": "Ac +3"
		},
		{
			"name": "Quarterstaff +1",
			"source": "DMG",
			"Modifiers": "Melee Attacks +1, Melee Damage +1"
		},
		{
			"name": "Quarterstaff +2",
			"source": "DMG",
			"Modifiers": "Melee Attacks +2, Melee Damage +2"
		},
		{
			"name": "Quarterstaff +3",
			"source": "DMG",
			"Modifiers": "Melee Attacks +3, Melee Damage +3"
		},
		{
			"name": "Rakdos Riteknife",
			"source": "GGR",
			"Modifiers": "Weapon Attacks +1, Weapon Damage +1"
		},
		{
			"name": "Rapier +1",
			"source": "DMG",
			"Modifiers": "Melee Attacks +1, Melee Damage +1"
		},
		{
			"name": "Rapier +2",
			"source": "DMG",
			"Modifiers": "Melee Attacks +2, Melee Damage +2"
		},
		{
			"name": "Rapier +3",
			"source": "DMG",
			"Modifiers": "Melee Attacks +3, Melee Damage +3"
		},
		{
			"name": "Ring Mail +1",
			"source": "DMG",
			"Modifiers": "Ac +1"
		},
		{
			"name": "Ring Mail +2",
			"source": "DMG",
			"Modifiers": "Ac +2"
		},
		{
			"name": "Ring Mail +3",
			"source": "DMG",
			"Modifiers": "Ac +3"
		},
		{
			"name": "Ring of Protection",
			"source": "DMG",
			"Modifiers": "Ac +1, Saving Throws +1"
		},
		{
			"name": "Robe of Stars",
			"source": "DMG",
			"Modifiers": "Saving Throws +1"
		},
		{
			"name": "Robe of the Archmagi",
			"source": "DMG",
			"Modifiers": "Spell Attack +2, Spell DC +2"
		},
		{
			"name": "Scale Mail +1",
			"source": "DMG",
			"Modifiers": "Ac +1"
		},
		{
			"name": "Scale Mail +2",
			"source": "DMG",
			"Modifiers": "Ac +2"
		},
		{
			"name": "Scale Mail +3",
			"source": "DMG",
			"Modifiers": "Ac +3"
		},
		{
			"name": "Scimitar +1",
			"source": "DMG",
			"Modifiers": "Melee Attacks +1, Melee Damage +1"
		},
		{
			"name": "Scimitar +2",
			"source": "DMG",
			"Modifiers": "Melee Attacks +2, Melee Damage +2"
		},
		{
			"name": "Scimitar +3",
			"source": "DMG",
			"Modifiers": "Melee Attacks +3, Melee Damage +3"
		},
		{
			"name": "Scimitar of Speed",
			"source": "DMG",
			"Modifiers": "Melee Attacks +2, Melee Damage +2"
		},
		{
			"name": "Shield +1",
			"source": "DMG",
			"Modifiers": "Ac +1"
		},
		{
			"name": "Shield +2",
			"source": "DMG",
			"Modifiers": "Ac +2"
		},
		{
			"name": "Shield +3",
			"source": "DMG",
			"Modifiers": "Ac +3"
		},
		{
			"name": "Shortbow +1",
			"source": "DMG",
			"Modifiers": "Ranged Attacks +1, Ranged Damage +1"
		},
		{
			"name": "Shortbow +2",
			"source": "DMG",
			"Modifiers": "Ranged Attacks +2, Ranged Damage +2"
		},
		{
			"name": "Shortbow +3",
			"source": "DMG",
			"Modifiers": "Ranged Attacks +3, Ranged Damage +3"
		},
		{
			"name": "Shortsword +1",
			"source": "DMG",
			"Modifiers": "Melee Attacks +1, Melee Damage +1"
		},
		{
			"name": "Shortsword +2",
			"source": "DMG",
			"Modifiers": "Melee Attacks +2, Melee Damage +2"
		},
		{
			"name": "Shortsword +3",
			"source": "DMG",
			"Modifiers": "Melee Attacks +3, Melee Damage +3"
		},
		{
			"name": "Sickle +1",
			"source": "DMG",
			"Modifiers": "Melee Attacks +1, Melee Damage +1"
		},
		{
			"name": "Sickle +2",
			"source": "DMG",
			"Modifiers": "Melee Attacks +2, Melee Damage +2"
		},
		{
			"name": "Sickle +3",
			"source": "DMG",
			"Modifiers": "Melee Attacks +3, Melee Damage +3"
		},
		{
			"name": "Sling +1",
			"source": "DMG",
			"Modifiers": "Ranged Attacks +1, Ranged Damage +1"
		},
		{
			"name": "Sling +2",
			"source": "DMG",
			"Modifiers": "Ranged Attacks +2, Ranged Damage +2"
		},
		{
			"name": "Sling +3",
			"source": "DMG",
			"Modifiers": "Ranged Attacks +3, Ranged Damage +3"
		},
		{
			"name": "Spear +1",
			"source": "DMG",
			"Modifiers": "Weapon Attacks +1, Weapon Damage +1"
		},
		{
			"name": "Spear +2",
			"source": "DMG",
			"Modifiers": "Weapon Attacks +2, Weapon Damage +2"
		},
		{
			"name": "Spear +3",
			"source": "DMG",
			"Modifiers": "Weapon Attacks +3, Weapon Damage +3"
		},
		{
			"name": "Spies' Murmur",
			"source": "GGR",
			"Modifiers": "Weapon Attacks +1, Weapon Damage +1"
		},
		{
			"name": "Splint Armor +1",
			"source": "DMG",
			"Modifiers": "Ac +1"
		},
		{
			"name": "Splint Armor +2",
			"source": "DMG",
			"Modifiers": "Ac +2"
		},
		{
			"name": "Splint Armor +3",
			"source": "DMG",
			"Modifiers": "Ac +3"
		},
		{
			"name": "Staff of Power",
			"source": "DMG",
			"Modifiers": "Ac +2, Saving Throws +2, Spell Attack +2"
		},
		{
			"name": "Staff of the Magi",
			"source": "DMG",
			"Modifiers": "Spell Attack +2"
		},
		{
			"name": "Staff of the Woodlands",
			"source": "DMG",
			"Modifiers": "Spell Attack +2"
		},
		{
			"name": "Stone of Good Luck",
			"source": "DMG",
			"Modifiers": "Saving Throws +1"
		},
		{
			"name": "Studded Leather Armor +1",
			"source": "DMG",
			"Modifiers": "Ac +1"
		},
		{
			"name": "Studded Leather Armor +2",
			"source": "DMG",
			"Modifiers": "Ac +2"
		},
		{
			"name": "Studded Leather Armor +3",
			"source": "DMG",
			"Modifiers": "Ac +3"
		},
		{
			"name": "Sun Blade",
			"source": "DMG",
			"Modifiers": "Melee Attacks +2, Melee Damage +2"
		},
		{
			"name": "Sunforger",
			"source": "GGR",
			"Modifiers": "Weapon Attacks +2, Weapon Damage +2"
		},
		{
			"name": "Sword of the Paruns",
			"source": "GGR",
			"Modifiers": "Weapon Attacks +1, Weapon Damage +1"
		},
		{
			"name": "Trident +1",
			"source": "DMG",
			"Modifiers": "Weapon Attacks +1, Weapon Damage +1"
		},
		{
			"name": "Trident +2",
			"source": "DMG",
			"Modifiers": "Weapon Attacks +2, Weapon Damage +2"
		},
		{
			"name": "Trident +3",
			"source": "DMG",
			"Modifiers": "Weapon Attacks +3, Weapon Damage +3"
		},
		{
			"name": "Vorpal Greatsword",
			"source": "DMG",
			"Modifiers": "Melee Attacks +3, Melee Damage +3"
		},
		{
			"name": "Vorpal Longsword",
			"source": "DMG",
			"Modifiers": "Melee Attacks +3, Melee Damage +3"
		},
		{
			"name": "Vorpal Scimitar",
			"source": "DMG",
			"Modifiers": "Melee Attacks +3, Melee Damage +3"
		},
		{
			"name": "Voyager Staff",
			"source": "GGR",
			"Modifiers": "Weapon Attacks +1, Weapon Damage +1, Spell Attack +1"
		},
		{
			"name": "Wand of the War Mage, +1",
			"source": "DMG",
			"Modifiers": "Spell Attack +1"
		},
		{
			"name": "Wand of the War Mage, +2",
			"source": "DMG",
			"Modifiers": "Spell Attack +2"
		},
		{
			"name": "Wand of the War Mage, +3",
			"source": "DMG",
			"Modifiers": "Spell Attack +3"
		},
		{
			"name": "War Pick +1",
			"source": "DMG",
			"Modifiers": "Melee Attacks +1, Melee Damage +1"
		},
		{
			"name": "War Pick +2",
			"source": "DMG",
			"Modifiers": "Melee Attacks +2, Melee Damage +2"
		},
		{
			"name": "War Pick +3",
			"source": "DMG",
			"Modifiers": "Melee Attacks +3, Melee Damage +3"
		},
		{
			"name": "Warhammer +1",
			"source": "DMG",
			"Modifiers": "Melee Attacks +1, Melee Damage +1"
		},
		{
			"name": "Warhammer +2",
			"source": "DMG",
			"Modifiers": "Melee Attacks +2, Melee Damage +2"
		},
		{
			"name": "Warhammer +3",
			"source": "DMG",
			"Modifiers": "Melee Attacks +3, Melee Damage +3"
		},
		{
			"name": "Whip +1",
			"source": "DMG",
			"Modifiers": "Melee Attacks +1, Melee Damage +1"
		},
		{
			"name": "Whip +2",
			"source": "DMG",
			"Modifiers": "Melee Attacks +2, Melee Damage +2"
		},
		{
			"name": "Whip +3",
			"source": "DMG",
			"Modifiers": "Melee Attacks +3, Melee Damage +3"
		}
	]
}
